{"venusaur":{"moves":["gigadrain","leechseed","sleeppowder","sludgebomb","substitute"]},"charizard":{"moves":["airslash","earthquake","fireblast","focusblast","roost"]},"blastoise":{"moves":["earthquake","icebeam","protect","rapidspin","roar","scald","shellsmash"]},"butterfree":{"moves":["airslash","bugbuzz","gigadrain","quiverdance","sleeppowder"]},"beedrill":{"moves":["poisonjab","protect","toxicspikes","uturn"]},"pidgeot":{"moves":["bravebird","defog","quickattack","roost","steelwing","uturn"]},"raticate":{"moves":["crunch","facade","flamewheel","protect","suckerpunch","swordsdance"]},"fearow":{"moves":["drillpeck","drillrun","gigaimpact","uturn"]},"arbok":{"moves":["earthquake","glare","gunkshot","suckerpunch"]},"pikachu":{"moves":["grassknot","surf","voltswitch","volttackle"]},"raichu":{"moves":["focusblast","grassknot","nastyplot","surf","thunderbolt"]},"sandslash":{"moves":["earthquake","rapidspin","stealthrock","stoneedge","swordsdance","xscissor"]},"nidoqueen":{"moves":["earthpower","flamethrower","icebeam","sludgewave","stealthrock","toxicspikes"]},"nidoking":{"moves":["earthpower","flamethrower","icebeam","sludgewave","substitute"]},"clefable":{"moves":["calmmind","fireblast","moonblast","moonlight","stealthrock","thunderwave"]},"ninetales":{"moves":["fireblast","hypnosis","nastyplot","solarbeam","willowisp"]},"wigglytuff":{"moves":["dazzlinggleam","fireblast","lightscreen","reflect","stealthrock","thunderwave"]},"vileplume":{"moves":["aromatherapy","gigadrain","sleeppowder","sludgebomb","strengthsap"]},"parasect":{"moves":["leechseed","spore","substitute","xscissor"]},"venomoth":{"moves":["bugbuzz","quiverdance","sleeppowder","sludgebomb","substitute"]},"dugtrio":{"moves":["aerialace","earthquake","stoneedge","suckerpunch"]},"persian":{"moves":["aerialace","bite","fakeout","covet","uturn"]},"golduck":{"moves":["calmmind","encore","focusblast","hydropump","hypnosis","icebeam"]},"primeape":{"moves":["closecombat","earthquake","poisonjab","stoneedge","uturn"]},"arcanine":{"moves":["closecombat","extremespeed","flareblitz","morningsun","willowisp"]},"poliwrath":{"moves":["bulkup","drainpunch","poisonjab","raindance","waterfall"]},"alakazam":{"moves":["dazzlinggleam","focusblast","nastyplot","psychic","shadowball"]},"machamp":{"moves":["bulletpunch","closecombat","dynamicpunch","facade","knockoff","stoneedge"]},"victreebel":{"moves":["knockoff","poisonjab","powerwhip","sleeppowder","strengthsap","swordsdance"]},"tentacruel":{"moves":["haze","knockoff","rapidspin","scald","sludgebomb"]},"golem":{"moves":["earthquake","explosion","heavyslam","stealthrock","stoneedge"]},"rapidash":{"moves":["flareblitz","highhorsepower","hypnosis","morningsun","swordsdance","willowisp"]},"slowbro":{"moves":["calmmind","icebeam","psychic","scald","slackoff","thunderwave"]},"farfetchd":{"moves":["bravebird","knockoff","leafblade","quickattack","slash"]},"dodrio":{"moves":["bravebird","facade","quickattack","roost","steelwing","swordsdance"]},"dewgong":{"moves":["icebeam","perishsong","protect","rest","sleeptalk","surf"]},"muk":{"moves":["brickbreak","curse","explosion","gunkshot","shadowsneak"]},"cloyster":{"moves":["hydropump","iciclespear","rockblast","shellsmash"]},"gengar":{"moves":["focusblast","nastyplot","shadowball","sludgebomb","thunderbolt"]},"hypno":{"moves":["focusblast","psychic","shadowball","thunderwave"]},"kingler":{"moves":["agility","razorshell","rockslide","swordsdance","xscissor"]},"electrode":{"moves":["explosion","taunt","thunderbolt","voltswitch"]},"exeggutor":{"moves":["gigadrain","leechseed","psychic","sleeppowder","substitute"]},"marowak":{"moves":["doubleedge","earthquake","stealthrock","stoneedge"]},"hitmonlee":{"moves":["bulkup","bulletpunch","earthquake","highjumpkick","stoneedge"]},"hitmonchan":{"moves":["bulkup","drainpunch","icepunch","machpunch","rapidspin","stoneedge"]},"weezing":{"moves":["fireblast","painsplit","sludgebomb","toxicspikes","willowisp"]},"kangaskhan":{"moves":["crunch","doubleedge","earthquake","fakeout","hammerarm"]},"seaking":{"moves":["megahorn","raindance","swordsdance","waterfall"]},"starmie":{"moves":["hydropump","icebeam","psychic","rapidspin","recover","scald","thunderbolt"]},"mrmime":{"moves":["dazzlinggleam","focusblast","nastyplot","psychic","thunderbolt"]},"scyther":{"moves":["aerialace","brickbreak","quickattack","roost","swordsdance","thief","uturn"]},"jynx":{"moves":["icebeam","lovelykiss","nastyplot","psychic","substitute"]},"pinsir":{"moves":["closecombat","earthquake","stealthrock","stoneedge","xscissor"]},"tauros":{"moves":["earthquake","rockclimb","rockslide","zenheadbutt"]},"gyarados":{"moves":["dragondance","earthquake","icefang","stoneedge","waterfall"]},"lapras":{"moves":["blizzard","freezedry","surf","thunderbolt"]},"ditto":{"moves":["transform"]},"vaporeon":{"moves":["haze","icebeam","protect","scald","wish"]},"jolteon":{"moves":["batonpass","shadowball","thunderbolt","voltswitch","yawn"]},"flareon":{"moves":["facade","flareblitz","quickattack","willowisp"]},"omastar":{"moves":["ancientpower","hydropump","icebeam","shellsmash"]},"kabutops":{"moves":["knockoff","liquidation","rapidspin","stoneedge","swordsdance"]},"aerodactyl":{"moves":["earthquake","roost","stealthrock","stoneedge","defog"]},"snorlax":{"moves":["bodyslam","curse","rest","sleeptalk"]},"articuno":{"moves":["defog","icebeam","roost","uturn"]},"zapdos":{"moves":["defog","discharge","roost","substitute","uturn"]},"moltres":{"moves":["fireblast","hurricane","roost","uturn","willowisp"]},"dragonite":{"moves":["dragondance","earthquake","extremespeed","outrage","roost"]},"mewtwo":{"moves":["aurasphere","fireblast","nastyplot","psystrike","recover","shadowball"]},"mew":{"moves":["aurasphere","calmmind","psychic","roost","shadowball","defog"]},"meganium":{"moves":["aromatherapy","gigadrain","leechseed","lightscreen","reflect"]},"typhlosion":{"moves":["eruption","extrasensory","fireblast","focusblast"]},"feraligatr":{"moves":["aquajet","crunch","dragondance","icepunch","waterfall"]},"furret":{"moves":["doubleedge","shadowclaw","suckerpunch","uturn"]},"noctowl":{"moves":["hurricane","hypnosis","nastyplot","roost","shadowball","defog"]},"ledian":{"moves":["knockoff","lightscreen","reflect","roost","uturn"]},"ariados":{"moves":["lunge","poisonjab","stickyweb","toxicspikes"]},"crobat":{"moves":["bravebird","defog","roost","toxic","uturn"]},"lanturn":{"moves":["discharge","icebeam","scald","thunderwave","voltswitch"]},"xatu":{"moves":["airslash","psychic","roost","teleport","thunderwave"]},"ampharos":{"moves":["focusblast","powergem","thunderbolt","voltswitch"]},"bellossom":{"moves":["gigadrain","moonblast","quiverdance","sleeppowder","strengthsap"]},"azumarill":{"moves":["aquajet","bellydrum","playrough","superpower","waterfall"]},"sudowoodo":{"moves":["earthquake","headsmash","explosion","stealthrock","suckerpunch"]},"politoed":{"moves":["encore","hypnosis","icebeam","rest","scald"]},"jumpluff":{"moves":["acrobatics","leechseed","sleeppowder","strengthsap","substitute"]},"sunflora":{"moves":["energyball","leechseed","sludgebomb","synthesis"]},"quagsire":{"moves":["earthquake","recover","scald","toxic"]},"espeon":{"moves":["calmmind","dazzlinggleam","morningsun","psychic","shadowball"]},"umbreon":{"moves":["foulplay","protect","taunt","wish"]},"slowking":{"moves":["calmmind","icebeam","psychic","scald","slackoff"]},"unown":{"moves":["hiddenpowerfighting","hiddenpowerpsychic"]},"wobbuffet":{"moves":["counter","destinybond","encore","mirrorcoat"]},"girafarig":{"moves":["dazzlinggleam","nastyplot","psychic","shadowball","thunderbolt"]},"forretress":{"moves":["gyroball","rapidspin","spikes","toxicspikes","voltswitch"]},"dunsparce":{"moves":["bite","bodyslam","coil","roost"]},"steelix":{"moves":["curse","earthquake","gyroball","stealthrock","stoneedge"]},"granbull":{"moves":["crunch","earthquake","healbell","playrough","thunderwave"]},"qwilfish":{"moves":["destinybond","poisonjab","spikes","thunderwave","toxicspikes","waterfall"]},"scizor":{"moves":["brickbreak","bulletpunch","roost","swordsdance","uturn","defog"]},"shuckle":{"moves":["knockoff","stealthrock","stickyweb","toxic"]},"heracross":{"moves":["closecombat","facade","megahorn","stoneedge","throatchop"]},"ursaring":{"moves":["closecombat","crunch","facade","protect","swordsdance"]},"magcargo":{"moves":["ancientpower","earthpower","fireblast","lavaplume","recover","shellsmash","stealthrock"]},"corsola":{"moves":["icebeam","powergem","recover","scald","stealthrock"]},"octillery":{"moves":["energyball","fireblast","gunkshot","hydropump","icebeam","protect"]},"delibird":{"moves":["destinybond","freezedry","rapidspin","spikes"]},"mantine":{"moves":["defog","icebeam","roost","scald"]},"skarmory":{"moves":["bravebird","roost","spikes","stealthrock","whirlwind","defog"]},"houndoom":{"moves":["darkpulse","fireblast","nastyplot","suckerpunch"]},"kingdra":{"moves":["dracometeor","hydropump","icebeam","raindance"]},"donphan":{"moves":["earthquake","iceshard","knockoff","rapidspin","stealthrock","stoneedge"]},"stantler":{"moves":["doubleedge","earthquake","megahorn","zenheadbutt"]},"smeargle":{"moves":["spikes","spore","stealthrock","stickyweb","toxicspikes","whirlwind"]},"hitmontop":{"moves":["closecombat","machpunch","rapidspin","stoneedge","suckerpunch"]},"miltank":{"moves":["bodyslam","curse","earthquake","milkdrink","stealthrock"]},"blissey":{"moves":["seismictoss","softboiled","stealthrock","thunderwave"]},"raikou":{"moves":["calmmind","scald","substitute","thunderbolt","voltswitch"]},"entei":{"moves":["bulldoze","extremespeed","sacredfire","stoneedge"]},"suicune":{"moves":["calmmind","rest","scald","sleeptalk"]},"tyranitar":{"moves":["crunch","dragondance","earthquake","stealthrock","stoneedge"]},"lugia":{"moves":["aeroblast","psychic","roost","substitute","whirlwind"]},"hooh":{"moves":["earthquake","roost","sacredfire","substitute","thunderwave"]},"celebi":{"moves":["dazzlinggleam","gigadrain","leafstorm","nastyplot","psychic","recover","uturn"]},"sceptile":{"moves":["earthquake","focusblast","gigadrain","leafstorm","leechseed","rockslide","substitute"]},"blaziken":{"moves":["closecombat","earthquake","flareblitz","stoneedge","swordsdance"]},"swampert":{"moves":["earthquake","icebeam","scald","stealthrock","stoneedge"]},"mightyena":{"moves":["crunch","firefang","irontail","playrough","suckerpunch"]},"linoone":{"moves":["bellydrum","extremespeed","irontail","shadowclaw"]},"beautifly":{"moves":["aircutter","bugbuzz","energyball","quiverdance","roost"]},"dustox":{"moves":["bugbuzz","roost","sludgebomb","toxic","uturn","defog"]},"ludicolo":{"moves":["gigadrain","hydropump","icebeam","raindance","scald"]},"shiftry":{"moves":["brickbreak","fakeout","leafblade","nightslash","suckerpunch","swordsdance"]},"swellow":{"moves":["bravebird","facade","quickattack","roost","steelwing","uturn"]},"pelipper":{"moves":["defog","hurricane","hydropump","icebeam","roost","scald","uturn"]},"gardevoir":{"moves":["calmmind","focusblast","moonblast","psychic","shadowball","substitute"]},"masquerain":{"moves":["airslash","bugbuzz","quiverdance","scald","stickyweb"]},"breloom":{"moves":["bulletseed","focuspunch","machpunch","rocktomb","spore","substitute","swordsdance"]},"vigoroth":{"moves":["bodyslam","bulkup","earthquake","playrough","shadowclaw","slackoff"]},"slaking":{"moves":["bodyslam","earthquake","gigaimpact","hammerarm","playrough","suckerpunch"]},"ninjask":{"moves":["aerialace","finalgambit","swordsdance","uturn","xscissor"]},"shedinja":{"moves":["shadowclaw","shadowsneak","willowisp","xscissor"]},"exploud":{"moves":["boomburst","fireblast","focusblast","surf"]},"hariyama":{"moves":["bulkup","bulletpunch","closecombat","knockoff","poisonjab","stoneedge"]},"delcatty":{"moves":["doubleedge","fakeout","healbell","suckerpunch","thunderwave"]},"sableye":{"moves":["foulplay","knockoff","recover","taunt","willowisp"]},"mawile":{"moves":["ironhead","playrough","stealthrock","suckerpunch","swordsdance"]},"aggron":{"moves":["earthquake","headsmash","heavyslam","rockpolish","superpower"]},"medicham":{"moves":["bulletpunch","fakeout","highjumpkick","icepunch","recover","zenheadbutt"]},"manectric":{"moves":["overheat","switcheroo","thunderbolt","voltswitch"]},"plusle":{"moves":["grassknot","nastyplot","nuzzle","thunderbolt","voltswitch"]},"minun":{"moves":["grassknot","nastyplot","nuzzle","switcheroo","thunderbolt","voltswitch"]},"volbeat":{"moves":["encore","roost","thunderwave","uturn"]},"illumise":{"moves":["bugbuzz","encore","roost","thunderwave","wish"]},"swalot":{"moves":["earthquake","encore","gunkshot","icebeam","painsplit","toxic"]},"sharpedo":{"moves":["aquajet","crunch","earthquake","liquidation","protect"]},"wailord":{"moves":["clearsmog","icebeam","scald","waterspout"]},"camerupt":{"moves":["earthpower","explosion","fireblast","lavaplume","stealthrock"]},"torkoal":{"moves":["earthquake","lavaplume","rapidspin","solarbeam","stealthrock"]},"grumpig":{"moves":["focusblast","nastyplot","psyshock","shadowball"]},"spinda":{"moves":["bodyslam","encore","fakeout","rapidspin","suckerpunch"]},"flygon":{"moves":["defog","dragondance","earthquake","outrage","superpower","uturn","roost"]},"cacturne":{"moves":["drainpunch","poisonjab","seedbomb","suckerpunch","swordsdance"]},"altaria":{"moves":["dracometeor","fireblast","haze","hurricane","roost"]},"zangoose":{"moves":["closecombat","facade","quickattack","shadowclaw","swordsdance"]},"seviper":{"moves":["crunch","earthquake","flamethrower","gigadrain","glare","sludgebomb","switcheroo"]},"lunatone":{"moves":["icebeam","moonblast","nastyplot","psyshock","stealthrock"]},"solrock":{"moves":["earthquake","explosion","stealthrock","stoneedge","willowisp"]},"whiscash":{"moves":["dragondance","earthquake","stoneedge","waterfall"]},"crawdaunt":{"moves":["aquajet","crabhammer","dragondance","knockoff","superpower"]},"claydol":{"moves":["earthquake","icebeam","psychic","rapidspin","stealthrock"]},"cradily":{"moves":["gigadrain","recover","stealthrock","stoneedge"]},"armaldo":{"moves":["aquajet","knockoff","rapidspin","stealthrock","stoneedge","xscissor"]},"milotic":{"moves":["dragontail","icebeam","rest","scald","sleeptalk"]},"castform":{"moves":["flamethrower","icebeam","scald","thunderbolt"]},"kecleon":{"moves":["drainpunch","fakeout","shadowsneak","stealthrock","thunderwave"]},"banette":{"moves":["destinybond","knockoff","shadowclaw","shadowsneak","willowisp"]},"tropius":{"moves":["defog","substitute","leechseed","airslash"]},"chimecho":{"moves":["healingwish","lightscreen","psychic","recover","reflect","thunderwave"]},"absol":{"moves":["knockoff","playrough","suckerpunch","swordsdance"]},"glalie":{"moves":["disable","earthquake","freezedry","protect","substitute"]},"walrein":{"moves":["icebeam","rest","sleeptalk","surf"]},"huntail":{"moves":["crunch","icebeam","shellsmash","waterfall"]},"gorebyss":{"moves":["hydropump","icebeam","psychic","shellsmash"]},"relicanth":{"moves":["doubleedge","earthquake","headsmash","stealthrock","waterfall","yawn"]},"luvdisc":{"moves":["charm","icebeam","scald","sweetkiss"]},"salamence":{"moves":["aerialace","dragondance","earthquake","outrage","roost","stoneedge"]},"metagross":{"moves":["agility","bulletpunch","earthquake","explosion","meteormash","zenheadbutt"]},"regirock":{"moves":["curse","drainpunch","earthquake","rest","stealthrock","stoneedge"]},"regice":{"moves":["focusblast","icebeam","rest","rockpolish","sleeptalk","thunderbolt"]},"registeel":{"moves":["curse","ironhead","rest","sleeptalk"]},"latias":{"moves":["calmmind","dracometeor","healingwish","psychic","roost","surf"]},"latios":{"moves":["calmmind","dracometeor","psychic","roost"]},"kyogre":{"moves":["calmmind","icebeam","originpulse","thunder","waterspout"]},"groudon":{"moves":["precipiceblades","rockpolish","stoneedge","swordsdance"]},"rayquaza":{"moves":["dragonascent","dragondance","earthquake","extremespeed","outrage"]},"jirachi":{"moves":["calmmind","dazzlinggleam","flashcannon","psychic","shadowball","thunderbolt","uturn"]},"deoxys":{"moves":["superpower","icebeam","knockoff","psychoboost","stealthrock","toxicspikes","extremespeed"]},"deoxysattack":{"moves":["extremespeed","icebeam","knockoff","psychoboost","superpower"]},"deoxysdefense":{"moves":["knockoff","nightshade","recover","stealthrock","taunt","teleport","toxicspikes"]},"deoxysspeed":{"moves":["knockoff","psychic","stealthrock","taunt","toxicspikes"]},"torterra":{"moves":["earthquake","rockpolish","stealthrock","stoneedge","synthesis","woodhammer"]},"infernape":{"moves":["closecombat","flareblitz","machpunch","stealthrock","stoneedge","swordsdance","uturn"]},"empoleon":{"moves":["agility","defog","grassknot","icebeam","scald","stealthrock"]},"staraptor":{"moves":["bravebird","closecombat","doubleedge","quickattack","uturn"]},"bibarel":{"moves":["aquajet","aquatail","curse","quickattack","rest"]},"kricketune":{"moves":["brickbreak","bugbite","nightslash","stickyweb"]},"luxray":{"moves":["crunch","facade","voltswitch","wildcharge"]},"roserade":{"moves":["gigadrain","leafstorm","sleeppowder","sludgebomb","spikes","toxicspikes"]},"rampardos":{"moves":["crunch","earthquake","headsmash","rockpolish","zenheadbutt"]},"bastiodon":{"moves":["metalburst","roar","rockblast","stealthrock"]},"wormadam":{"moves":["bugbuzz","leafstorm","psychic","quiverdance","shadowball"]},"wormadamsandy":{"moves":["bugbuzz","earthquake","rockblast","stealthrock"]},"wormadamtrash":{"moves":["bugbuzz","flashcannon","gigadrain","quiverdance"]},"mothim":{"moves":["airslash","bugbuzz","energyball","quiverdance","roost"]},"vespiquen":{"moves":["attackorder","roost","substitute","toxic","uturn"]},"pachirisu":{"moves":["nuzzle","superfang","thunderbolt","uturn"]},"floatzel":{"moves":["aquajet","brickbreak","bulkup","substitute","taunt","waterfall"]},"cherrim":{"moves":["dazzlinggleam","gigadrain","healingwish","petaldance"]},"gastrodon":{"moves":["earthquake","icebeam","recover","scald"]},"ambipom":{"moves":["aerialace","brickbreak","doublehit","fakeout","switcheroo","thief","uturn"]},"drifblim":{"moves":["calmmind","shadowball","strengthsap","thunderbolt"]},"lopunny":{"moves":["facade","healingwish","highjumpkick","switcheroo"]},"mismagius":{"moves":["dazzlinggleam","destinybond","nastyplot","painsplit","shadowball","substitute","thunderbolt","willowisp"]},"honchkrow":{"moves":["bravebird","roost","suckerpunch","taunt"]},"purugly":{"moves":["bodyslam","fakeout","quickattack","suckerpunch","uturn"]},"skuntank":{"moves":["crunch","defog","fireblast","poisonjab","suckerpunch","taunt"]},"bronzong":{"moves":["earthquake","gyroball","psychic","stealthrock"]},"chatot":{"moves":["boomburst","chatter","nastyplot","substitute","uturn"]},"spiritomb":{"moves":["calmmind","darkpulse","psychic","rest","sleeptalk","willowisp"]},"garchomp":{"moves":["earthquake","fireblast","outrage","stealthrock","stoneedge","swordsdance"]},"lucario":{"moves":["closecombat","extremespeed","meteormash","stoneedge","swordsdance"]},"hippowdon":{"moves":["earthquake","slackoff","stealthrock","stoneedge","whirlwind"]},"drapion":{"moves":["earthquake","knockoff","poisonjab","swordsdance","taunt","toxicspikes","whirlwind"]},"toxicroak":{"moves":["drainpunch","poisonjab","substitute","suckerpunch","swordsdance"]},"carnivine":{"moves":["crunch","powerwhip","sleeppowder","substitute","swordsdance"]},"lumineon":{"moves":["defog","icebeam","scald","uturn"]},"abomasnow":{"moves":["auroraveil","blizzard","earthquake","iceshard","woodhammer"]},"weavile":{"moves":["brickbreak","iceshard","iciclecrash","swordsdance","throatchop"]},"magnezone":{"moves":["flashcannon","mirrorcoat","thunderbolt","voltswitch"]},"lickilicky":{"moves":["bodyslam","hammerarm","knockoff","powerwhip","swordsdance"]},"rhyperior":{"moves":["earthquake","firefang","megahorn","stoneedge","swordsdance"]},"tangrowth":{"moves":["earthquake","knockoff","leechseed","powerwhip","sleeppowder","sludgebomb"]},"electivire":{"moves":["crosschop","earthquake","flamethrower","icepunch","voltswitch","wildcharge"]},"magmortar":{"moves":["earthquake","fireblast","psychic","taunt","thunderbolt"]},"togekiss":{"moves":["airslash","aurasphere","fireblast","roost","thunderwave","defog"]},"yanmega":{"moves":["airslash","bugbuzz","gigadrain","protect","uturn"]},"leafeon":{"moves":["doubleedge","leafblade","swordsdance","synthesis","xscissor"]},"glaceon":{"moves":["freezedry","icebeam","roar","shadowball","waterpulse"]},"gliscor":{"moves":["earthquake","icefang","knockoff","roost","stealthrock","swordsdance","taunt","uturn","defog"]},"mamoswine":{"moves":["earthquake","iceshard","iciclecrash","stealthrock","stoneedge"]},"porygonz":{"moves":["darkpulse","icebeam","nastyplot","thunderbolt","triattack"]},"gallade":{"moves":["closecombat","earthquake","knockoff","psychocut","swordsdance"]},"probopass":{"moves":["bodypress","flashcannon","stealthrock","thunderwave","voltswitch"]},"dusknoir":{"moves":["earthquake","icepunch","painsplit","shadowpunch","shadowsneak","willowisp"]},"froslass":{"moves":["destinybond","icebeam","shadowball","spikes","taunt","willowisp"]},"rotom":{"moves":["nastyplot","shadowball","thunderbolt","trick","voltswitch","willowisp"]},"rotomheat":{"moves":["nastyplot","overheat","thunderbolt","trick","voltswitch","willowisp"]},"rotomwash":{"moves":["hydropump","nastyplot","thunderbolt","trick","voltswitch","willowisp"]},"rotomfrost":{"moves":["blizzard","nastyplot","thunderbolt","trick","voltswitch","willowisp"]},"rotomfan":{"moves":["airslash","nastyplot","thunderbolt","trick","voltswitch","willowisp"]},"rotommow":{"moves":["leafstorm","nastyplot","thunderbolt","trick","voltswitch","willowisp"]},"uxie":{"moves":["psychic","stealthrock","thunderwave","uturn","yawn"]},"mesprit":{"moves":["energyball","healingwish","icebeam","nastyplot","psychic","thunderbolt","uturn"]},"azelf":{"moves":["dazzlinggleam","fireblast","nastyplot","psychic","stealthrock","taunt","thunderbolt","uturn"]},"dialga":{"moves":["dracometeor","fireblast","flashcannon","stealthrock","thunderbolt"]},"palkia":{"moves":["dracometeor","fireblast","hydropump","spacialrend","thunderwave"]},"heatran":{"moves":["earthpower","flashcannon","lavaplume","roar","stealthrock","taunt"]},"regigigas":{"moves":["knockoff","rest","sleeptalk","strength"]},"giratinaorigin":{"moves":["aurasphere","defog","dracometeor","shadowball","willowisp"]},"giratina":{"moves":["aurasphere","calmmind","dragonpulse","rest","shadowball","sleeptalk"]},"cresselia":{"moves":["calmmind","moonblast","moonlight","psychic","thunderwave"]},"phione":{"moves":["icebeam","raindance","rest","scald"]},"manaphy":{"moves":["energyball","icebeam","substitute","surf","tailglow"]},"darkrai":{"moves":["darkpulse","focusblast","hypnosis","nastyplot"]},"shaymin":{"moves":["healingwish","leechseed","psychic","rest","seedflare","substitute"]},"shayminsky":{"moves":["airslash","leechseed","seedflare","substitute","synthesis"]},"arceusbug":{"moves":["earthquake","extremespeed","recover","stoneedge","swordsdance","xscissor"]},"arceusdark":{"moves":["calmmind","fireblast","judgment","recover","sludgebomb"]},"arceusdragon":{"moves":["calmmind","fireblast","judgment","recover","sludgebomb"]},"arceuselectric":{"moves":["calmmind","earthpower","icebeam","judgment","recover"]},"arceusfairy":{"moves":["calmmind","earthpower","fireblast","judgment","recover"]},"arceusfighting":{"moves":["calmmind","icebeam","judgment","recover","shadowball"]},"arceusfire":{"moves":["calmmind","judgment","recover","surf","thunderbolt"]},"arceusflying":{"moves":["calmmind","earthpower","fireblast","icebeam","judgment","recover"]},"arceusghost":{"moves":["judgment","calmmind","focusblast","recover"]},"arceusgrass":{"moves":["calmmind","fireblast","icebeam","judgment","recover"]},"arceusground":{"moves":["earthquake","extremespeed","recover","stoneedge","swordsdance"]},"arceusice":{"moves":["calmmind","fireblast","judgment","recover","thunderbolt"]},"arceuspoison":{"moves":["calmmind","defog","earthpower","recover","sludgebomb"]},"arceuspsychic":{"moves":["calmmind","fireblast","icebeam","judgment","recover"]},"arceusrock":{"moves":["earthquake","extremespeed","recover","stoneedge","swordsdance"]},"arceussteel":{"moves":["defog","judgment","recover","roar","stealthrock","earthpower","willowisp"]},"arceuswater":{"moves":["defog","icebeam","judgment","recover","roar"]},"arceus":{"moves":["earthquake","extremespeed","recover","shadowclaw","swordsdance"]}}