{"aegislash":{"flags":{},"sets":[{"species":"Aegislash","item":["Weakness Policy","Ghostium Z"],"ability":"Stance Change","evs":{"hp":252,"atk":4,"spa":252},"ivs":{"spe":0},"nature":"Quiet","moves":[["King's Shield"],["Shadow Ball"],["Flash Cannon","Sacred Sword"],["Shadow Sneak"]]},{"species":"Aegislash","item":"Life Orb","ability":"Stance Change","evs":{"hp":4,"atk":252,"spe":252},"nature":"Jolly","moves":[["Swords Dance","King's Shield"],["Shadow Claw"],["Sacred Sword","Iron Head"],["Shadow Sneak"]]},{"species":"Aegislash","item":"Ghostium Z","ability":"Stance Change","evs":{"hp":252,"atk":252,"spd":4},"nature":"Brave","moves":[["Swords Dance","King's Shield"],["Shadow Claw"],["Sacred Sword"],["Shadow Sneak"]]},{"species":"Aegislash","item":"Focus Sash","ability":"Stance Change","evs":{"hp":4,"spa":252,"spe":252},"nature":"Rash","moves":[["Shadow Ball"],["Flash Cannon"],["Hidden Power Ice","Head Smash"],["Shadow Sneak"]]},{"species":"Aegislash","item":"Leftovers","ability":"Stance Change","evs":{"hp":220,"spa":196,"spe":92},"ivs":{"atk":0},"nature":"Modest","moves":[["King's Shield","Hidden Power Ice","Hidden Power Fire"],["Toxic"],["Substitute"],["Shadow Ball"]]}]},"alakazam":{"flags":{"megaOnly":1},"sets":[{"species":"Alakazam","item":"Alakazite","ability":"Magic Guard","evs":{"hp":244,"spa":12,"spe":252},"ivs":{"atk":0},"nature":"Timid","moves":[["Psychic"],["Substitute"],["Protect"],["Disable"]]},{"species":"Alakazam","item":"Alakazite","ability":"Magic Guard","evs":{"hp":4,"spa":252,"spe":252},"ivs":{"atk":0},"nature":"Timid","moves":[["Psychic","Psyshock"],["Focus Blast"],["Shadow Ball"],["Hidden Power Ice"]]}]},"altaria":{"flags":{"megaOnly":1},"sets":[{"species":"Altaria","item":"Altarianite","ability":"Natural Cure","evs":{"hp":4,"atk":252,"spe":252},"nature":"Jolly","moves":[["Dragon Dance"],["Return"],["Earthquake"],["Roost"]]},{"species":"Altaria","item":"Altarianite","ability":"Natural Cure","evs":{"hp":252,"def":52,"spa":76,"spd":124,"spe":4},"nature":"Modest","moves":[["Hyper Voice"],["Roost"],["Fire Blast","Cotton Guard"],["Toxic","Perish Song"]]}]},"amoonguss":{"flags":{},"sets":[{"species":"Amoonguss","item":"Black Sludge","ability":"Regenerator","evs":{"hp":252,"def":252,"spd":4},"ivs":{"atk":0},"nature":"Bold","moves":[["Spore"],["Giga Drain"],["Sludge Bomb","Foul Play","Clear Smog"],["Synthesis","Hidden Power Fire"]]},{"species":"Amoonguss","item":"Rocky Helmet","ability":"Regenerator","evs":{"hp":252,"def":252,"spd":4},"ivs":{"atk":0},"nature":"Bold","moves":[["Spore"],["Giga Drain"],["Sludge Bomb","Foul Play","Clear Smog"],["Synthesis","Hidden Power Fire"]]}]},"araquanid":{"flags":{},"sets":[{"species":"Araquanid","item":"Waterium Z","ability":"Water Bubble","evs":{"hp":252,"atk":252,"spd":4},"nature":"Adamant","moves":[["Liquidation"],["Leech Life","Lunge"],["Mirror Coat"],["Sticky Web"]]},{"species":"Araquanid","item":"Assault Vest","ability":"Water Bubble","evs":{"hp":252,"atk":252,"spd":4},"nature":"Adamant","moves":[["Liquidation"],["Leech Life","Lunge"],["Mirror Coat"],["Poison Jab"]]},{"species":"Araquanid","item":"Choice Band","ability":"Water Bubble","evs":{"hp":252,"atk":252,"spd":4},"nature":"Adamant","moves":[["Liquidation"],["Leech Life","Lunge"],["Crunch","Sleep Talk"],["Poison Jab"]]},{"species":"Araquanid","item":"Choice Specs","ability":"Water Bubble","evs":{"hp":252,"def":4,"spa":252},"ivs":{"atk":0},"nature":"Modest","moves":[["Surf","Scald"],["Ice Beam"],["Hidden Power Fire"],["Toxic","Sleep Talk"]]}]},"arcanine":{"flags":{},"sets":[{"species":"Arcanine","item":"Firium Z","ability":"Intimidate","evs":{"atk":252,"spd":4,"spe":252},"nature":"Adamant","moves":[["Flare Blitz"],["Extreme Speed"],["Close Combat","Bulldoze"],["Wild Charge","Flame Charge","Will-O-Wisp"]]},{"species":"Arcanine","item":"Rocky Helmet","ability":"Intimidate","evs":{"hp":252,"def":252,"spa":4},"ivs":{"atk":0},"nature":"Bold","moves":[["Will-O-Wisp"],["Morning Sun"],["Flamethrower","Burn Up"],["Snarl"]]}]},"aron":{"flags":{},"sets":[{"species":"Aron","item":"Berry Juice","ability":"Sturdy","evs":{},"ivs":{"hp":0,"atk":0,"def":0,"spa":0,"spd":0,"spe":0},"nature":"Gentle","level":1,"moves":[["Stealth Rock"],["Endeavor"],["Toxic"],["Protect"]]}]},"azumarill":{"flags":{},"sets":[{"species":"Azumarill","item":"Sitrus Berry","ability":"Huge Power","evs":{"hp":228,"atk":252,"def":12,"spd":12,"spe":4},"nature":"Adamant","moves":[["Belly Drum"],["Aqua Jet"],["Play Rough"],["Liquidation","Superpower","Knock Off"]]},{"species":"Azumarill","item":"Normalium Z","ability":"Huge Power","evs":{"hp":228,"atk":252,"def":12,"spd":12,"spe":4},"nature":"Adamant","moves":[["Belly Drum"],["Aqua Jet"],["Play Rough"],["Liquidation","Superpower","Knock Off"]]},{"species":"Azumarill","item":"Choice Band","ability":"Huge Power","evs":{"hp":228,"atk":252,"def":12,"spd":12,"spe":4},"nature":"Adamant","moves":[["Aqua Jet"],["Play Rough"],["Liquidation"],["Superpower","Knock Off"]]},{"species":"Azumarill","item":"Assault Vest","ability":"Huge Power","evs":{"hp":124,"atk":252,"def":12,"spd":28,"spe":92},"nature":"Adamant","moves":[["Aqua Jet"],["Play Rough"],["Liquidation"],["Superpower","Knock Off"]]}]},"beedrill":{"flags":{"megaOnly":1},"sets":[{"species":"Beedrill","item":"Beedrillite","ability":"Swarm","evs":{"hp":4,"atk":252,"spe":252},"nature":"Jolly","moves":[["U-turn"],["Poison Jab"],["Drill Run"],["Knock Off","Swords Dance","Fell Stinger"]]}]},"pidgeot":{"flags":{"megaOnly":1},"sets":[{"species":"Pidgeot","item":"Pidgeotite","ability":"Big Pecks","evs":{"hp":4,"spa":252,"spe":252},"nature":"Timid","moves":[["Hurricane"],["Heat Wave"],["Hidden Power Ground","Hidden Power Ice"],["U-turn","Roost","Substitute","Hyper Beam","Uproar"]]}]},"blastoise":{"flags":{"megaOnly":1},"sets":[{"species":"Blastoise","item":"Blastoisinite","ability":"Torrent","evs":{"hp":252,"spa":252,"spd":4},"ivs":{"atk":0},"nature":"Modest","moves":[["Water Pulse","Hydro Pump","Scald"],["Ice Beam"],["Dark Pulse","Aqua Jet","Mirror Coat"],["Aura Sphere"]]}]},"blacephalon":{"flags":{"zmoveOnly":1},"sets":[{"species":"Blacephalon","item":"Firium Z","ability":"Beast Boost","evs":{"spa":252,"spd":4,"spe":252},"ivs":{"atk":0},"nature":"Timid","moves":[["Mind Blown"],["Shadow Ball"],["Hidden Power Ice"],["Flamethrower","Fire Blast","Calm Mind"]]},{"species":"Blacephalon","item":"Ghostium Z","ability":"Beast Boost","evs":{"spa":252,"spd":4,"spe":252},"ivs":{"atk":0},"nature":"Timid","moves":[["Mind Blown"],["Shadow Ball"],["Hidden Power Ice"],["Flamethrower","Fire Blast"]]},{"species":"Blacephalon","item":"Life Orb","ability":"Beast Boost","evs":{"hp":4,"spa":252,"spe":252},"ivs":{"atk":0},"nature":"Timid","moves":[["Flamethrower","Fire Blast"],["Shadow Ball"],["Substitute"],["Pain Split"]]},{"species":"Blacephalon","item":"Mago Berry","ability":"Beast Boost","evs":{"spa":252,"spd":4,"spe":252},"ivs":{"atk":0},"nature":"Timid","moves":[["Mind Blown"],["Shadow Ball"],["Substitute"],["Calm Mind"]]},{"species":"Blacephalon","item":"Focus Sash","ability":"Beast Boost","evs":{"spa":252,"spd":4,"spe":252},"nature":"Hasty","moves":[["Shadow Ball"],["Hidden Power Ice"],["Flamethrower","Fire Blast"],["Flame Charge"]]},{"species":"Blacephalon","item":"Choice Scarf","ability":"Beast Boost","evs":{"spa":252,"spd":4,"spe":252},"ivs":{"atk":0},"nature":"Timid","moves":[["Mind Blown","Trick"],["Shadow Ball"],["Hidden Power Ice"],["Flamethrower","Fire Blast"]]}]},"blaziken":{"flags":{"megaOnly":1},"sets":[{"species":"Blaziken","item":"Life Orb","ability":"Speed Boost","evs":{"hp":4,"atk":252,"spe":252},"nature":"Adamant","moves":[["Protect"],["High Jump Kick"],["Flare Blitz"],["Swords Dance","Stone Edge","Thunder Punch"]]},{"species":"Blaziken","item":"Life Orb","ability":"Speed Boost","evs":{"atk":52,"spa":244,"spe":212},"nature":"Naive","moves":[["Protect"],["Overheat"],["Superpower","High Jump Kick"],["Hidden Power Ice"]]},{"species":"Blaziken","item":"Grassium Z","ability":"Speed Boost","evs":{"spa":252,"spd":4,"spe":252},"ivs":{"atk":0},"nature":"Modest","moves":[["Protect"],["Solar Beam"],["Hidden Power Ice","Focus Blast"],["Flamethrower","Fire Blast","Overheat"]]},{"species":"Blaziken","item":"Weakness Policy","ability":"Speed Boost","evs":{"hp":252,"def":164,"spe":92},"nature":"Impish","moves":[["Substitute"],["Bulk Up"],["Baton Pass"],["High Jump Kick"]]},{"species":"Blaziken","item":"Firium Z","ability":"Speed Boost","evs":{"hp":4,"atk":252,"spe":252},"nature":"Adamant","moves":[["Protect"],["High Jump Kick"],["Flare Blitz"],["Baton Pass","Stone Edge","Thunder Punch","Will-O-Wisp"]]},{"species":"Blaziken","item":"Blazikenite","ability":"Speed Boost","evs":{"hp":4,"atk":252,"spe":252},"nature":"Adamant","moves":[["Flare Blitz"],["High Jump Kick"],["Stone Edge","Swords Dance"],["Protect"]]}]},"blissey":{"flags":{},"sets":[{"species":"Blissey","item":"Leftovers","ability":"Natural Cure","evs":{"def":252,"spa":4,"spd":252},"ivs":{"atk":0},"nature":"Bold","moves":[["Toxic"],["Soft-Boiled"],["Seismic Toss","Flamethrower"],["Stealth Rock","Shadow Ball","Ice Beam"]]},{"species":"Blissey","item":"Leftovers","ability":"Serene Grace","evs":{"def":252,"spa":252,"spe":4},"ivs":{"atk":0},"nature":"Bold","moves":[["Charge Beam","Minimize"],["Flamethrower","Ice Beam"],["Soft-Boiled"],["Substitute","Toxic"]]},{"species":"Blissey","item":"Rocky Helmet","ability":"Natural Cure","evs":{"def":252,"spa":4,"spd":252},"ivs":{"atk":0},"nature":"Bold","moves":[["Toxic"],["Soft-Boiled"],["Seismic Toss","Flamethrower"],["Stealth Rock","Shadow Ball","Ice Beam"]]}]},"breloom":{"flags":{},"sets":[{"species":"Breloom","item":"Focus Sash","ability":"Technician","evs":{"hp":4,"atk":252,"spe":252},"nature":"Adamant","moves":[["Spore"],["Mach Punch"],["Bullet Seed"],["Rock Tomb","Swords Dance"]]},{"species":"Breloom","item":"Life Orb","ability":"Technician","evs":{"hp":4,"atk":252,"spe":252},"nature":"Adamant","moves":[["Spore"],["Mach Punch"],["Bullet Seed"],["Rock Tomb"]]},{"species":"Breloom","item":"Toxic Orb","ability":"Poison Heal","evs":{"hp":4,"atk":252,"spe":252},"nature":"Jolly","moves":[["Spore"],["Substitute"],["Focus Punch"],["Rock Tomb"]]},{"species":"Breloom","item":"Choice Scarf","ability":"Technician","evs":{"atk":252,"spd":4,"spe":252},"nature":"Jolly","moves":[["Superpower"],["Bullet Seed"],["Rock Tomb"],["Mach Punch"]]}]},"bronzong":{"flags":{},"sets":[{"species":"Bronzong","item":"Occa Berry","ability":"Levitate","evs":{"hp":252,"atk":20,"def":4,"spa":4,"spd":228},"ivs":{"atk":0},"nature":"Sassy","moves":[["Trick Room"],["Stealth Rock","Hidden Power Ice"],["Gyro Ball"],["Explosion"]]},{"species":"Bronzong","item":"Rocky Helmet","ability":"Levitate","evs":{"hp":252,"atk":20,"def":228,"spa":4,"spd":4},"ivs":{"atk":0},"nature":"Relaxed","moves":[["Trick Room"],["Stealth Rock","Hidden Power Ice"],["Gyro Ball"],["Explosion"]]},{"species":"Bronzong","item":"Psychium Z","ability":"Levitate","evs":{"hp":252,"atk":4,"spa":252},"ivs":{"atk":0},"nature":"Quiet","moves":[["Hypnosis"],["Trick Room"],["Dream Eater"],["Gyro Ball","Hidden Power Ice"]]}]},"buzzwole":{"flags":{},"sets":[{"species":"Buzzwole","item":"Rocky Helmet","ability":"Beast Boost","evs":{"hp":252,"atk":4,"def":252},"nature":"Impish","moves":[["Leech Life","Lunge"],["Roost"],["Earthquake","Toxic"],["Ice Punch"]]},{"species":"Buzzwole","item":"Assault Vest","ability":"Beast Boost","evs":{"hp":252,"atk":252,"def":4},"nature":"Adamant","moves":[["Leech Life","Lunge"],["Superpower","Hammer Arm"],["Earthquake","Thunder Punch"],["Ice Punch"]]},{"species":"Buzzwole","item":"Fightinium Z","ability":"Beast Boost","evs":{"hp":4,"atk":252,"spe":252},"nature":"Adamant","moves":[["Leech Life"],["Superpower"],["Earthquake","Thunder Punch"],["Ice Punch"]]},{"species":"Buzzwole","item":"Choice Scarf","ability":"Beast Boost","evs":{"hp":4,"atk":252,"spe":252},"nature":"Jolly","moves":[["Leech Life"],["Superpower"],["Earthquake","Thunder Punch"],["Ice Punch"]]}]},"celesteela":{"flags":{},"sets":[{"species":"Celesteela","item":"Rocky Helmet","ability":"Beast Boost","evs":{"hp":244,"atk":4,"def":252,"spa":4,"spd":4},"nature":"Relaxed","moves":[["Heavy Slam"],["Leech Seed"],["Flamethrower"],["Protect"]]},{"species":"Celesteela","item":"Leftovers","ability":"Beast Boost","evs":{"hp":244,"atk":4,"def":4,"spa":4,"spd":252},"nature":"Sassy","moves":[["Heavy Slam"],["Leech Seed"],["Flamethrower"],["Protect"]]},{"species":"Celesteela","item":"Leftovers","ability":"Beast Boost","evs":{"hp":252,"atk":4,"spe":252},"nature":"Jolly","moves":[["Heavy Slam"],["Leech Seed"],["Flame Charge","Substitute"],["Protect"]]},{"species":"Celesteela","item":"","ability":"Beast Boost","evs":{"hp":4,"atk":252,"spe":252},"nature":"Adamant","moves":[["Autotomize"],["Acrobatics"],["Heavy Slam"],["Earthquake"]]},{"species":"Celesteela","item":"Assault Vest","ability":"Beast Boost","evs":{"hp":252,"spa":252,"spe":4},"ivs":{"atk":0},"nature":"Modest","moves":[["Flash Cannon"],["Flamethrower"],["Hidden Power Ice"],["Air Slash"]]},{"species":"Celesteela","item":"Assault Vest","ability":"Beast Boost","evs":{"hp":252,"atk":252,"spe":4},"nature":"Adamant","moves":[["Heavy Slam"],["Earthquake"],["Rock Slide"],["Flame Charge"]]},{"species":"Celesteela","item":"Choice Band","ability":"Beast Boost","evs":{"hp":244,"atk":252,"def":4,"spd":4,"spe":4},"nature":"Adamant","moves":[["Heavy Slam"],["Explosion"],["Stone Edge"],["Earthquake"]]},{"species":"Celesteela","item":"Flyinium Z","ability":"Beast Boost","evs":{"hp":244,"atk":244,"def":4,"spd":4,"spe":12},"nature":"Adamant","moves":[["Fly"],["Heavy Slam"],["Earthquake"],["Explosion"]]}]},"chandelure":{"flags":{},"sets":[{"species":"Chandelure","item":"Focus Sash","ability":"Flash Fire","evs":{"hp":252,"spa":252,"spd":4},"ivs":{"atk":0},"nature":"Modest","moves":[["Trick Room"],["Shadow Ball"],["Fire Blast","Overheat"],["Memento"]]},{"species":"Chandelure","item":"Choice Scarf","ability":"Infiltrator","evs":{"hp":4,"spa":252,"spe":252},"ivs":{"atk":0},"nature":"Timid","moves":[["Shadow Ball"],["Fire Blast","Overheat"],["Hidden Power Ice"],["Energy Ball","Memento"]]},{"species":"Chandelure","item":"Focus Sash","ability":"Infiltrator","evs":{"spa":252,"spd":4,"spe":252},"ivs":{"atk":0},"nature":"Modest","moves":[["Fire Blast"],["Shadow Ball"],["Energy Ball"],["Hidden Power Ice"]]}]},"chansey":{"flags":{},"sets":[{"species":"Chansey","gender":"F","item":"Eviolite","ability":"Natural Cure","evs":{"hp":44,"def":252,"spd":212},"ivs":{"atk":0},"nature":"Bold","moves":[["Seismic Toss"],["Toxic"],["Soft-Boiled"],["Stealth Rock","Thunder Wave","Minimize"]]}]},"charizard":{"flags":{"megaOnly":1},"sets":[{"species":"Charizard","item":"Charizardite X","ability":"Blaze","evs":{"hp":4,"atk":252,"spe":252},"nature":"Adamant","moves":[["Dragon Dance"],["Flare Blitz"],["Outrage","Dragon Claw"],["Earthquake","Roost"]]},{"species":"Charizard","item":"Charizardite X","ability":"Blaze","evs":{"hp":4,"atk":252,"spe":252},"nature":"Adamant","moves":[["Swords Dance"],["Flame Charge"],["Outrage","Dragon Claw"],["Flare Blitz"]]},{"species":"Charizard","item":"Charizardite X","ability":"Blaze","evs":{"hp":204,"def":164,"spe":140},"nature":"Jolly","moves":[["Will-O-Wisp"],["Roost"],["Flame Charge"],["Dragon Claw"]]},{"species":"Charizard","item":"Charizardite Y","ability":"Blaze","evs":{"hp":4,"spa":252,"spe":252},"ivs":{"atk":0},"nature":"Timid","moves":[["Fire Blast","Overheat","Flamethrower"],["Solar Beam"],["Hidden Power Ice","Focus Blast"],["Flame Charge"]]},{"species":"Charizard","item":"Charizardite Y","ability":"Blaze","evs":{"hp":252,"def":116,"spa":100,"spd":4,"spe":36},"ivs":{"atk":0},"nature":"Modest","moves":[["Flamethrower"],["Overheat"],["Hidden Power Ice"],["Solar Beam"]]}]},"clefable":{"flags":{},"sets":[{"species":"Clefable","item":"Kee Berry","ability":"Unaware","evs":{"hp":252,"def":252,"spd":4},"ivs":{"atk":0},"nature":"Bold","moves":[["Calm Mind"],["Minimize"],["Moonblast","Stored Power"],["Moonlight"]]},{"species":"Clefable","item":"Rocky Helmet","ability":"Unaware","evs":{"hp":252,"def":252,"spd":4},"ivs":{"atk":0},"nature":"Bold","moves":[["Stealth Rock"],["Thunder Wave"],["Moonblast"],["Moonlight"]]}]},"cloyster":{"flags":{},"sets":[{"species":"Cloyster","item":"Focus Sash","ability":"Skill Link","evs":{"hp":4,"atk":252,"spe":252},"nature":"Adamant","moves":[["Shell Smash"],["Icicle Spear"],["Rock Blast"],["Ice Shard"]]},{"species":"Cloyster","item":"King's Rock","ability":"Skill Link","evs":{"hp":4,"atk":252,"spe":252},"nature":"Adamant","moves":[["Shell Smash"],["Icicle Spear"],["Rock Blast"],["Ice Shard"]]},{"species":"Cloyster","item":"Waterium Z","ability":"Skill Link","evs":{"hp":4,"atk":252,"spe":252},"nature":"Adamant","moves":[["Shell Smash"],["Icicle Spear"],["Rock Blast"],["Liquidation"]]}]},"conkeldurr":{"flags":{},"sets":[{"species":"Conkeldurr","item":"Assault Vest","ability":"Iron Fist","evs":{"hp":156,"atk":252,"spd":100},"ivs":{"spe":15},"nature":"Adamant","moves":[["Drain Punch"],["Mach Punch"],["Ice Punch"],["Thunder Punch","Poison Jab","Knock Off"]]},{"species":"Conkeldurr","item":"Assault Vest","ability":"Guts","evs":{"hp":156,"atk":252,"spd":100},"ivs":{"spe":15},"nature":"Adamant","moves":[["Mach Punch"],["Drain Punch"],["Knock Off"],["Ice Punch","Poison Jab"]]},{"species":"Conkeldurr","item":"Life Orb","ability":"Sheer Force","evs":{"hp":84,"atk":252,"spd":172},"ivs":{"spe":15},"nature":"Adamant","moves":[["Drain Punch"],["Mach Punch"],["Ice Punch"],["Thunder Punch","Knock Off","Poison Jab"]]}]},"cresselia":{"flags":{},"sets":[{"species":"Cresselia","item":"Rocky Helmet","ability":"Levitate","evs":{"hp":252,"def":252,"spd":4},"ivs":{"atk":0},"nature":"Bold","moves":[["Moonlight"],["Ice Beam"],["Toxic","Thunder Wave"],["Psychic"]]},{"species":"Cresselia","item":"Mago Berry","ability":"Levitate","evs":{"hp":252,"def":252,"spd":4},"ivs":{"atk":0},"nature":"Bold","moves":[["Moonlight"],["Ice Beam","Psychic"],["Lunar Dance"],["Trick Room"]]},{"species":"Cresselia","item":"Leftovers","ability":"Levitate","evs":{"hp":252,"def":252,"spd":4},"ivs":{"atk":0},"nature":"Bold","moves":[["Moonlight"],["Psychic","Psyshock"],["Calm Mind"],["Moonblast","Ice Beam","Substitute"]]},{"species":"Cresselia","item":"Flame Orb","ability":"Levitate","evs":{"hp":252,"def":252,"spd":4},"ivs":{"atk":0},"nature":"Bold","moves":[["Psycho Shift"],["Toxic"],["Moonlight"],["Psychic","Ice Beam","Moonblast"]]}]},"ditto":{"flags":{},"sets":[{"species":"Ditto","item":"Focus Sash","ability":"Imposter","evs":{"hp":252,"def":4,"spd":252},"ivs":{"spe":0},"nature":"Sassy","moves":[["Transform"]]},{"species":"Ditto","item":"Choice Scarf","ability":"Imposter","evs":{"hp":252,"atk":4,"def":4,"spd":248},"ivs":{"def":30,"spd":30,"spe":0},"nature":"Sassy","moves":[["Transform"]]},{"species":"Ditto","item":"Choice Scarf","ability":"Imposter","evs":{"hp":252,"atk":4,"def":4,"spd":248},"ivs":{"spa":0,"spd":30,"spe":1},"nature":"Sassy","moves":[["Transform"]]}]},"dragonite":{"flags":{},"sets":[{"species":"Dragonite","item":"Choice Band","ability":"Multiscale","evs":{"hp":4,"atk":252,"spe":252},"nature":"Adamant","moves":[["Outrage"],["Earthquake"],["Extreme Speed"],["Fire Punch","Thunder Punch"]]},{"species":"Dragonite","item":"Lum Berry","ability":"Multiscale","evs":{"hp":4,"atk":252,"spe":252},"nature":"Jolly","moves":[["Dragon Dance"],["Outrage"],["Earthquake","Fire Punch"],["Extreme Speed"]]},{"species":"Dragonite","item":"Flyinium Z","ability":"Multiscale","evs":{"hp":4,"atk":252,"spe":252},"nature":"Adamant","moves":[["Dragon Dance"],["Outrage"],["Fly"],["Earthquake","Extreme Speed"]]},{"species":"Dragonite","item":"Dragonium Z","ability":"Multiscale","evs":{"hp":4,"atk":252,"spe":252},"nature":"Adamant","moves":[["Dragon Dance"],["Outrage"],["Extreme Speed"],["Earthquake","Fire Punch"]]}]},"eevee":{"flags":{"limEevee":1},"sets":[{"species":"Eevee","item":"Eevium Z","ability":"Anticipation","evs":{"hp":252,"def":4,"spe":252},"nature":"Timid","moves":[["Last Resort"],["Baton Pass"],["Substitute"],["Stored Power"]]}]},"entei":{"flags":{},"sets":[{"species":"Entei","item":"Assault Vest","ability":"Pressure","evs":{"hp":132,"atk":252,"def":52,"spd":52,"spe":20},"nature":"Adamant","moves":[["Sacred Fire"],["Stone Edge"],["Bulldoze"],["Flame Charge"]]},{"species":"Entei","item":"Choice Band","ability":"Pressure","evs":{"hp":4,"atk":252,"spe":252},"nature":"Jolly","moves":[["Sacred Fire"],["Stone Edge"],["Bulldoze"],["Iron Head"]]},{"species":"Entei","item":"Leftovers","ability":"Pressure","evs":{"hp":20,"atk":228,"def":4,"spd":4,"spe":252},"nature":"Jolly","moves":[["Substitute"],["Protect"],["Toxic"],["Sacred Fire"]]}]},"espeon":{"flags":{},"sets":[{"species":"Espeon","item":"Light Clay","ability":"Magic Bounce","evs":{"hp":236,"def":44,"spa":4,"spd":4,"spe":220},"ivs":{"atk":0},"nature":"Timid","moves":[["Yawn"],["Psychic"],["Reflect"],["Light Screen"]]},{"species":"Espeon","item":"Psychium Z","ability":"Magic Bounce","evs":{"hp":84,"spa":196,"spe":228},"ivs":{"atk":0},"nature":"Timid","moves":[["Psychic"],["Future Sight"],["Calm Mind"],["Morning Sun","Dazzling Gleam"]]},{"species":"Espeon","item":"Kee Berry","ability":"Magic Bounce","evs":{"hp":196,"def":36,"spa":4,"spd":52,"spe":220},"ivs":{"atk":0},"nature":"Timid","moves":[["Psychic","Psyshock","Stored Power"],["Calm Mind"],["Morning Sun"],["Dazzling Gleam"]]}]},"excadrill":{"flags":{},"sets":[{"species":"Excadrill","item":"Choice Scarf","ability":"Mold Breaker","evs":{"hp":4,"atk":252,"spe":252},"nature":"Jolly","moves":[["Earthquake"],["Iron Head"],["Rock Slide"],["Horn Drill"]]},{"species":"Excadrill","item":"Groundium Z","ability":"Sand Rush","evs":{"hp":4,"atk":252,"spe":252},"nature":"Adamant","moves":[["Earthquake"],["Iron Head"],["Rock Slide"],["Swords Dance"]]},{"species":"Excadrill","item":"Focus Sash","ability":"Mold Breaker","evs":{"hp":4,"atk":252,"spe":252},"nature":"Jolly","moves":[["Stealth Rock"],["Rock Tomb"],["Earthquake"],["Iron Head"]]},{"species":"Excadrill","item":"Assault Vest","ability":"Mold Breaker","evs":{"hp":44,"atk":156,"def":4,"spd":84,"spe":220},"nature":"Jolly","moves":[["Earthquake"],["Iron Head"],["Rock Tomb"],["Horn Drill"]]}]},"ferrothorn":{"flags":{},"sets":[{"species":"Ferrothorn","item":"Rocky Helmet","ability":"Iron Barbs","evs":{"hp":252,"def":252,"spd":4},"ivs":{"spe":0},"nature":"Relaxed","moves":[["Gyro Ball"],["Power Whip"],["Leech Seed"],["Stealth Rock","Protect"]]},{"species":"Ferrothorn","item":"Leftovers","ability":"Iron Barbs","evs":{"hp":252,"def":4,"spd":252},"ivs":{"spe":0},"nature":"Sassy","moves":[["Gyro Ball"],["Power Whip"],["Leech Seed"],["Stealth Rock","Protect"]]},{"species":"Ferrothorn","item":"Choice Band","ability":"Iron Barbs","evs":{"hp":252,"atk":252,"def":4},"ivs":{"spe":0},"nature":"Brave","moves":[["Gyro Ball"],["Power Whip"],["Bullet Seed"],["Bulldoze","Knock Off"]]}]},"garchomp":{"flags":{},"sets":[{"species":"Garchomp","item":"Choice Scarf","ability":"Rough Skin","evs":{"hp":4,"atk":252,"spe":252},"nature":"Jolly","moves":[["Outrage"],["Earthquake"],["Stone Edge","Rock Slide"],["Poison Jab","Fire Blast","Fire Fang","Toxic","Dragon Claw","Stealth Rock","Sleep Talk"]]},{"species":"Garchomp","item":"Choice Band","ability":"Rough Skin","evs":{"hp":4,"atk":252,"spe":252},"nature":"Jolly","moves":[["Outrage"],["Earthquake"],["Stone Edge","Rock Slide"],["Fire Fang","Poison Jab","Dual Chop","Rock Tomb"]]},{"species":"Garchomp","item":"Light Ball","ability":"Rough Skin","evs":{"hp":4,"atk":252,"spe":252},"nature":"Jolly","moves":[["Fling"],["Stealth Rock","Sand Attack"],["Rock Tomb"],["Earthquake"]]},{"species":"Garchomp","item":"Rocky Helmet","ability":"Rough Skin","evs":{"hp":60,"def":196,"spe":252},"nature":"Jolly","moves":[["Toxic"],["Dragon Tail","Roar"],["Rock Tomb","Earthquake"],["Stealth Rock"]]},{"species":"Garchomp","item":"Focus Sash","ability":"Rough Skin","evs":{"hp":4,"atk":252,"spe":252},"nature":"Jolly","moves":[["Outrage"],["Earthquake"],["Rock Tomb"],["Stealth Rock","Swords Dance"]]},{"species":"Garchomp","item":"Dragonium Z","ability":"Sand Veil","evs":{"atk":252,"spd":4,"spe":252},"nature":"Jolly","moves":[["Swords Dance"],["Outrage"],["Earthquake"],["Rock Tomb","Stone Edge"]]}]},"gardevoir":{"flags":{"megaOnly":1},"sets":[{"species":"Gardevoir","item":"Gardevoirite","ability":"Trace","evs":{"hp":4,"spa":252,"spe":252},"nature":"Timid","moves":[["Hyper Voice"],["Psychic","Psyshock"],["Calm Mind"],["Focus Blast","Hidden Power Fire"]]}]},"gengar":{"flags":{"megaOnly":1},"sets":[{"species":"Gengar","item":"Gengarite","ability":"Cursed Body","shiny":true,"evs":{"hp":236,"def":4,"spa":12,"spd":4,"spe":252},"ivs":{"atk":0},"nature":"Timid","moves":[["Will-O-Wisp"],["Hex"],["Sludge Bomb"],["Substitute","Taunt","Destiny Bond"]]},{"species":"Gengar","item":"Gengarite","ability":"Cursed Body","shiny":true,"evs":{"spa":252,"spd":4,"spe":252},"ivs":{"atk":0},"nature":"Timid","moves":[["Will-O-Wisp"],["Hex","Shadow Ball"],["Sludge Bomb"],["Substitute","Taunt","Destiny Bond","Focus Blast"]]},{"species":"Gengar","item":"Focus Sash","ability":"Cursed Body","evs":{"spa":252,"spd":4,"spe":252},"ivs":{"atk":0},"nature":"Timid","moves":[["Sludge Wave"],["Shadow Ball"],["Icy Wind"],["Destiny Bond"]]},{"species":"Gengar","item":"Gengarite","ability":"Cursed Body","evs":{"hp":252,"spd":60,"spe":196},"ivs":{"atk":0},"nature":"Timid","moves":[["Perish Song"],["Protect"],["Will-O-Wisp"],["Hex","Sludge Bomb"]]}]},"gigalith":{"flags":{},"sets":[{"species":"Gigalith","item":"Smooth Rock","ability":"Sand Stream","evs":{"hp":252,"atk":4,"def":252},"nature":"Impish","moves":[["Stealth Rock"],["Gravity","Earthquake"],["Explosion"],["Rock Blast","Rock Tomb"]]}]},"glalie":{"flags":{"megaOnly":1},"sets":[{"species":"Glalie","item":"Leftovers","ability":"Moody","evs":{"hp":172,"spd":84,"spe":252},"ivs":{"atk":0},"nature":"Timid","moves":[["Substitute"],["Protect"],["Sheer Cold","Toxic"],["Frost Breath","Freeze-Dry"]]},{"species":"Glalie","item":"Leftovers","ability":"Moody","evs":{"hp":172,"atk":60,"def":20,"spa":4,"spe":252},"nature":"Naive","moves":[["Earthquake"],["Freeze-Dry"],["Substitute"],["Protect"]]},{"species":"Glalie","item":"Leftovers","ability":"Moody","evs":{"hp":172,"spd":84,"spe":252},"nature":"Jolly","moves":[["Sheer Cold","Toxic"],["Earthquake"],["Substitute"],["Protect"]]},{"species":"Glalie","item":"Glalitite","ability":"Moody","evs":{"atk":252,"spd":4,"spe":252},"nature":"Jolly","moves":[["Protect"],["Return"],["Earthquake"],["Explosion","Ice Shard"]]}]},"gliscor":{"flags":{},"sets":[{"species":"Gliscor","item":"Toxic Orb","ability":"Poison Heal","evs":{"hp":212,"atk":4,"def":4,"spd":84,"spe":204},"nature":"Jolly","moves":[["Earthquake"],["Guillotine","Toxic"],["Substitute"],["Protect"]]},{"species":"Gliscor","item":"Toxic Orb","ability":"Poison Heal","evs":{"hp":84,"atk":180,"def":20,"spd":4,"spe":220},"nature":"Jolly","moves":[["Fling"],["Acrobatics"],["Substitute","Earthquake"],["Swords Dance"]]},{"species":"Gliscor","item":"Toxic Orb","ability":"Poison Heal","evs":{"atk":252,"spd":4,"spe":252},"nature":"Jolly","moves":[["Stealth Rock"],["Earthquake"],["Rock Tomb"],["Taunt"]]}]},"golisopod":{"flags":{},"sets":[{"species":"Golisopod","item":"Assault Vest","ability":"Emergency Exit","evs":{"hp":244,"atk":244,"def":20},"nature":"Adamant","moves":[["First Impression"],["Liquidation"],["Aqua Jet"],["Leech Life","Sucker Punch","Rock Tomb"]]},{"species":"Golisopod","item":"Sitrus Berry","ability":"Emergency Exit","evs":{"hp":236,"atk":252,"def":20},"nature":"Adamant","moves":[["First Impression"],["Liquidation"],["Aqua Jet"],["Leech Life","Sucker Punch","Rock Tomb"]]},{"species":"Golisopod","item":"Choice Band","ability":"Emergency Exit","evs":{"hp":244,"atk":244,"def":20},"nature":"Adamant","moves":[["First Impression"],["Liquidation"],["Aqua Jet"],["Leech Life","Poison Jab"]]}]},"greninja":{"flags":{},"sets":[{"species":"Greninja","item":"Life Orb","ability":"Protean","evs":{"atk":20,"spa":236,"spe":252},"nature":"Naive","moves":[["Ice Beam"],["Water Shuriken","Hydro Pump","Grass Knot"],["Gunk Shot","Low Kick"],["Dark Pulse"]]},{"species":"Greninja","item":"Normalium Z","ability":"Protean","evs":{"hp":4,"spa":252,"spe":252},"nature":"Naive","moves":[["Happy Hour"],["Ice Beam"],["Water Shuriken","Hydro Pump","Dark Pulse"],["Low Kick","Gunk Shot"]]},{"species":"Greninja","item":"Focus Sash","ability":"Torrent","evs":{"atk":4,"spa":252,"spe":252},"nature":"Naive","moves":[["Toxic Spikes"],["Spikes"],["Scald"],["U-turn"]]},{"species":"Greninja","item":"Focus Sash","ability":"Protean","evs":{"atk":4,"spa":252,"spe":252},"nature":"Naive","moves":[["Ice Beam"],["Water Shuriken","Hydro Pump"],["Gunk Shot","Low Kick"],["Dark Pulse"]]},{"species":"Greninja","item":"Choice Scarf","ability":"Protean","evs":{"atk":252,"spa":4,"spe":252},"nature":"Naive","moves":[["Grass Knot","U-turn","Low Kick"],["Ice Beam"],["Gunk Shot"],["Dark Pulse","Rock Slide","Waterfall","Rock Tomb"]]},{"species":"Greninja","item":"Rocky Helmet","ability":"Protean","evs":{"hp":76,"atk":68,"def":252,"spd":4,"spe":108},"nature":"Jolly","moves":[["Toxic"],["Low Kick"],["Ice Beam"],["Rock Tomb"]]}]},"gyarados":{"flags":{"megaOnly":1},"sets":[{"species":"Gyarados","item":"Rocky Helmet","ability":"Intimidate","evs":{"hp":220,"def":244,"spe":44},"nature":"Impish","moves":[["Waterfall"],["Ice Fang"],["Taunt"],["Thunder Wave","Toxic"]]},{"species":"Gyarados","item":"Gyaradosite","ability":"Intimidate","evs":{"atk":252,"spd":4,"spe":252},"nature":"Jolly","moves":[["Dragon Dance"],["Waterfall"],["Earthquake","Substitute","Taunt"],["Ice Fang","Crunch"]]},{"species":"Gyarados","item":"Flyinium Z","ability":"Intimidate","evs":{"atk":252,"spd":4,"spe":252},"nature":"Jolly","moves":[["Dragon Dance"],["Bounce"],["Waterfall"],["Ice Fang","Earthquake"]]},{"species":"Gyarados","item":"Lum Berry","ability":"Intimidate","evs":{"atk":252,"spd":4,"spe":252},"nature":"Jolly","moves":[["Dragon Dance"],["Earthquake","Taunt","Substitute"],["Waterfall"],["Ice Fang"]]},{"species":"Gyarados","item":"Choice Scarf","ability":"Moxie","evs":{"hp":84,"atk":252,"spe":172},"nature":"Jolly","moves":[["Waterfall"],["Stone Edge"],["Earthquake"],["Ice Fang"]]}]},"heatran":{"flags":{},"sets":[{"species":"Heatran","item":"Leftovers","ability":"Flash Fire","evs":{"hp":212,"spd":44,"spe":252},"ivs":{"atk":0},"nature":"Timid","moves":[["Toxic","Will-O-Wisp"],["Protect","Substitute"],["Magma Storm","Lava Plume"],["Earth Power","Taunt"]]},{"species":"Heatran","item":"Leftovers","ability":"Flash Fire","evs":{"hp":212,"def":4,"spa":44,"spd":156,"spe":92},"ivs":{"atk":0},"nature":"Calm","moves":[["Toxic","Will-O-Wisp"],["Protect"],["Magma Storm","Lava Plume"],["Earth Power","Substitute"]]},{"species":"Heatran","item":"Choice Specs","ability":"Flash Fire","evs":{"hp":252,"spa":252,"spd":4},"ivs":{"atk":0},"nature":"Modest","moves":[["Overheat","Fire Blast"],["Flash Cannon"],["Hidden Power Ice"],["Ancient Power","Earth Power"]]},{"species":"Heatran","item":"Air Balloon","ability":"Flash Fire","evs":{"spa":252,"spd":4,"spe":252},"ivs":{"atk":0},"nature":"Timid","moves":[["Stealth Rock"],["Will-O-Wisp"],["Roar","Hidden Power Ice"],["Lava Plume"]]},{"species":"Heatran","item":"Grassium Z","ability":"Flash Fire","evs":{"spa":252,"spd":4,"spe":252},"ivs":{"atk":0},"nature":"Modest","moves":[["Magma Storm"],["Solar Beam"],["Flash Cannon"],["Earth Power","Taunt"]]},{"species":"Heatran","item":"Choice Scarf","ability":"Flash Fire","evs":{"hp":4,"spa":252,"spe":252},"ivs":{"atk":0},"nature":"Timid","moves":[["Overheat","Fire Blast"],["Flash Cannon"],["Hidden Power Ice"],["Earth Power","Ancient Power"]]},{"species":"Heatran","item":"Firium Z","ability":"Flash Fire","evs":{"spa":252,"spd":4,"spe":252},"ivs":{"atk":0},"nature":"Modest","moves":[["Overheat","Fire Blast"],["Flash Cannon"],["Earth Power"],["Taunt","Stealth Rock","Flame Charge"]]}]},"heracross":{"flags":{"megaOnly":1},"sets":[{"species":"Heracross","item":"Heracronite","ability":"Moxie","evs":{"atk":252,"def":4,"spe":252},"nature":"Jolly","moves":[["Pin Missile"],["Rock Blast"],["Bullet Seed"],["Close Combat","Earthquake"]]},{"species":"Heracross","item":"Heracronite","ability":"Guts","evs":{"hp":156,"atk":252,"spe":100},"nature":"Adamant","moves":[["Pin Missile"],["Rock Blast"],["Bullet Seed"],["Close Combat","Earthquake","Swords Dance"]]},{"species":"Heracross","item":"Choice Scarf","ability":"Moxie","evs":{"atk":252,"spd":4,"spe":252},"nature":"Jolly","moves":[["Megahorn"],["Close Combat"],["Stone Edge"],["Earthquake"]]}]},"hippowdon":{"flags":{},"sets":[{"species":"Hippowdon","item":"Rocky Helmet","ability":"Sand Stream","evs":{"hp":212,"def":252,"spe":44},"nature":"Impish","moves":[["Yawn"],["Stealth Rock"],["Earthquake"],["Slack Off","Whirlwind","Rock Tomb","Ice Fang"]]},{"species":"Hippowdon","item":"Sitrus Berry","ability":"Sand Stream","evs":{"hp":252,"def":52,"spd":204},"nature":"Careful","moves":[["Earthquake"],["Stealth Rock"],["Yawn"],["Rock Tomb","Whirlwind"]]},{"species":"Hippowdon","item":"Iapapa Berry","ability":"Sand Stream","evs":{"hp":252,"def":52,"spd":204},"nature":"Careful","moves":[["Earthquake"],["Stealth Rock"],["Yawn"],["Whirlwind"]]},{"species":"Hippowdon","item":"Leftovers","ability":"Sand Stream","evs":{"hp":252,"def":252,"spd":4},"nature":"Impish","moves":[["Yawn","Toxic"],["Earthquake"],["Slack Off"],["Protect"]]}]},"hydreigon":{"flags":{},"sets":[{"species":"Hydreigon","item":"Choice Scarf","ability":"Levitate","evs":{"spa":252,"spd":4,"spe":252},"nature":"Modest","moves":[["Draco Meteor"],["Dark Pulse"],["Fire Blast"],["U-turn","Earth Power"]]},{"species":"Hydreigon","item":"Choice Specs","ability":"Levitate","evs":{"spa":252,"spd":4,"spe":252},"nature":"Modest","moves":[["Draco Meteor"],["Dark Pulse"],["Fire Blast"],["Earth Power","Flash Cannon"]]},{"species":"Hydreigon","item":"Darkinium Z","ability":"Levitate","evs":{"hp":4,"spa":252,"spe":252},"nature":"Modest","moves":[["Draco Meteor"],["Dark Pulse"],["Fire Blast"],["Taunt","Earth Power","Substitute"]]},{"species":"Hydreigon","item":"Darkinium Z","ability":"Levitate","evs":{"hp":252,"def":124,"spa":4,"spd":76,"spe":52},"ivs":{"atk":0},"nature":"Modest","moves":[["Dark Pulse"],["Taunt"],["Thunder Wave"],["Roost"]]},{"species":"Hydreigon","item":"Poisonium Z","ability":"Levitate","evs":{"spa":252,"spd":4,"spe":252},"ivs":{"atk":0},"nature":"Modest","moves":[["Belch"],["Dark Pulse"],["Draco Meteor","Dragon Pulse"],["Earth Power","Fire Blast"]]}]},"jellicent":{"flags":{},"sets":[{"species":"Jellicent","gender":"M","item":"Sitrus Berry","ability":"Cursed Body","evs":{"hp":252,"def":244,"spe":12},"ivs":{"atk":0},"nature":"Bold","moves":[["Scald"],["Will-O-Wisp","Toxic"],["Recover"],["Taunt","Ice Beam","Hex"]]}]},"kangaskhan":{"flags":{"megaOnly":1},"sets":[{"species":"Kangaskhan","item":"Kangaskhanite","ability":"Scrappy","evs":{"hp":4,"atk":252,"spe":252},"nature":"Adamant","moves":[["Return","Double-Edge","Facade","Crush Claw"],["Power-Up Punch","Fake Out"],["Earthquake","Fire Punch","Drain Punch"],["Sucker Punch","Ice Punch","Rock Tomb"]]},{"species":"Kangaskhan","item":"Kangaskhanite","ability":"Scrappy","evs":{"hp":212,"atk":252,"def":12,"spd":12,"spe":20},"nature":"Adamant","moves":[["Secret Power"],["Power-Up Punch"],["Substitute","Sucker Punch"],["Rock Slide","Rock Tomb","Drain Punch"]]},{"species":"Kangaskhan","item":"Kangaskhanite","ability":"Scrappy","evs":{"hp":212,"atk":20,"def":4,"spa":252,"spe":20},"nature":"Rash","moves":[["Double-Edge"],["Fire Blast","Flamethrower","Thunderbolt"],["Ice Beam","Shadow Ball"],["Earthquake","Rock Tomb"]]}]},"kartana":{"flags":{},"sets":[{"species":"Kartana","item":"Choice Scarf","ability":"Beast Boost","evs":{"hp":4,"atk":252,"spe":252},"nature":"Jolly","moves":[["Leaf Blade"],["Smart Strike","Guillotine"],["Sacred Sword"],["Night Slash"]]},{"species":"Kartana","item":"Darkinium Z","ability":"Beast Boost","evs":{"hp":4,"atk":252,"spe":252},"nature":"Jolly","moves":[["Swords Dance"],["Leaf Blade"],["Smart Strike","Sacred Sword"],["Night Slash"]]},{"species":"Kartana","item":"Fightinium Z","ability":"Beast Boost","evs":{"hp":4,"atk":252,"spe":252},"nature":"Jolly","moves":[["Swords Dance"],["Leaf Blade"],["Smart Strike"],["Sacred Sword"]]},{"species":"Kartana","item":"Grassium Z","ability":"Beast Boost","evs":{"hp":4,"atk":252,"spe":252},"nature":"Jolly","moves":[["Swords Dance"],["Leaf Blade"],["Smart Strike"],["Sacred Sword","Night Slash"]]},{"species":"Kartana","item":"Steelium Z","ability":"Beast Boost","evs":{"hp":4,"atk":252,"spe":252},"nature":"Jolly","moves":[["Swords Dance"],["Leaf Blade"],["Smart Strike"],["Sacred Sword","Night Slash"]]},{"species":"Kartana","item":"Focus Sash","ability":"Beast Boost","evs":{"hp":4,"atk":252,"spe":252},"nature":"Jolly","moves":[["Swords Dance"],["Leaf Blade"],["Smart Strike"],["Sacred Sword","Night Slash"]]},{"species":"Kartana","item":"Life Orb","ability":"Beast Boost","evs":{"hp":36,"spd":220,"spe":252},"ivs":{"atk":21},"nature":"Timid","moves":[["Swords Dance"],["Leaf Blade"],["Smart Strike"],["Sacred Sword","Night Slash"]]}]},"kingdra":{"flags":{},"sets":[{"species":"Kingdra","item":"Waterium Z","ability":"Swift Swim","evs":{"hp":4,"spa":252,"spe":252},"ivs":{"atk":0},"nature":"Modest","moves":[["Hydro Pump"],["Draco Meteor"],["Ice Beam"],["Rain Dance"]]},{"species":"Kingdra","item":"Scope Lens","ability":"Sniper","evs":{"hp":4,"spa":252,"spe":252},"ivs":{"atk":0},"nature":"Modest","moves":[["Focus Energy"],["Draco Meteor"],["Hydro Pump"],["Yawn","Substitute","Agility"]]}]},"kommoo":{"flags":{"zmoveOnly":1},"sets":[{"species":"Kommo-o-Totem","item":"Kommonium Z","ability":"Overcoat","evs":{"atk":4,"spa":252,"spe":252},"nature":"Naive","moves":[["Clanging Scales"],["Drain Punch","Close Combat"],["Flamethrower"],["Flash Cannon","Poison Jab"]]},{"species":"Kommo-o-Totem","item":"Kommonium Z","ability":"Overcoat","evs":{"spa":252,"spd":4,"spe":252},"ivs":{"atk":0},"nature":"Modest","moves":[["Clanging Scales"],["Focus Blast"],["Flamethrower"],["Flash Cannon"]]},{"species":"Kommo-o","item":"Focus Sash","ability":"Bulletproof","evs":{"atk":252,"spe":252},"nature":"Jolly","moves":[["Stealth Rock"],["Close Combat"],["Rock Tomb"],["Endeavor"]]},{"species":"Kommo-o","item":"Salac Berry","ability":"Bulletproof","evs":{"hp":12,"atk":244,"spe":252},"nature":"Jolly","moves":[["Belly Drum"],["Drain Punch"],["Substitute"],["Poison Jab","Iron Head","Shadow Claw","Earthquake"]]}]},"landorustherian":{"flags":{},"sets":[{"species":"Landorus-Therian","gender":"M","item":"Iapapa Berry","ability":"Intimidate","evs":{"hp":244,"def":36,"spd":228},"nature":"Careful","moves":[["Earthquake"],["Rock Tomb"],["U-turn"],["Stealth Rock","Fissure"]]},{"species":"Landorus-Therian","item":"Rocky Helmet","ability":"Intimidate","evs":{"hp":212,"def":236,"spe":60},"nature":"Impish","moves":[["Earthquake"],["Rock Tomb"],["U-turn"],["Stealth Rock"]]},{"species":"Landorus-Therian","item":"Groundium Z","ability":"Intimidate","evs":{"hp":4,"atk":252,"spe":252},"nature":"Jolly","moves":[["Earthquake"],["Rock Tomb"],["Knock Off"],["Stealth Rock"]]},{"species":"Landorus-Therian","item":"Choice Scarf","ability":"Intimidate","evs":{"hp":44,"atk":212,"def":12,"spd":4,"spe":236},"nature":"Adamant","moves":[["Earthquake"],["U-turn"],["Rock Slide","Stone Edge"],["Superpower","Knock Off"]]},{"species":"Landorus-Therian","item":"Assault Vest","ability":"Intimidate","evs":{"hp":244,"atk":36,"def":4,"spd":188,"spe":36},"nature":"Adamant","moves":[["Earthquake"],["Knock Off","Fissure"],["Rock Tomb"],["U-turn"]]},{"species":"Landorus-Therian","item":"Flyinium Z","ability":"Intimidate","evs":{"hp":4,"atk":252,"spe":252},"nature":"Adamant","moves":[["Swords Dance"],["Earthquake"],["Fly"],["Rock Polish","Rock Slide","Stone Edge"]]}]},"lapras":{"flags":{},"sets":[{"species":"Lapras","item":"Assault Vest","ability":"Water Absorb","evs":{"hp":252,"spa":252,"spd":4},"ivs":{"atk":0},"nature":"Quiet","moves":[["Sheer Cold"],["Surf","Hydro Pump"],["Freeze-Dry"],["Ice Shard"]]}]},"latias":{"flags":{"megaOnly":1},"sets":[{"species":"Latias","item":"Rocky Helmet","ability":"Levitate","evs":{"hp":212,"def":36,"spa":4,"spd":4,"spe":252},"ivs":{"atk":0},"nature":"Timid","moves":[["Psychic","Reflect"],["Draco Meteor"],["Thunder Wave","Recover"],["Healing Wish"]]},{"species":"Latias","item":"Safety Goggles","ability":"Levitate","evs":{"hp":252,"spd":4,"spe":252},"ivs":{"atk":0},"nature":"Timid","moves":[["Psychic"],["Calm Mind"],["Substitute","Recover"],["Draco Meteor","Hidden Power Fire"]]},{"species":"Latias","item":"Latiasite","ability":"Levitate","evs":{"hp":252,"def":36,"spe":220},"ivs":{"atk":0},"nature":"Timid","moves":[["Psychic","Psyshock"],["Calm Mind"],["Recover"],["Draco Meteor","Ice Beam"]]}]},"latios":{"flags":{},"sets":[{"species":"Latios","item":"Choice Specs","ability":"Levitate","evs":{"hp":4,"spa":252,"spe":252},"ivs":{"atk":0},"nature":"Timid","moves":[["Psychic","Psyshock"],["Draco Meteor"],["Shadow Ball","Hidden Power Fire"],["Trick","Thunderbolt"]]},{"species":"Latios","item":"Dragonium Z","ability":"Levitate","evs":{"hp":4,"spa":252,"spe":252},"ivs":{"atk":0},"nature":"Timid","moves":[["Draco Meteor"],["Psychic","Psyshock"],["Shadow Ball","Hidden Power Fire"],["Thunderbolt","Calm Mind"]]},{"species":"Latios","item":"Light Clay","ability":"Levitate","evs":{"hp":252,"spa":4,"spe":252},"ivs":{"atk":0},"nature":"Timid","moves":[["Reflect"],["Light Screen"],["Memento"],["Draco Meteor"]]},{"species":"Latios","item":"Groundium Z","ability":"Levitate","evs":{"atk":252,"def":4,"spe":252},"nature":"Jolly","moves":[["Dragon Dance"],["Zen Headbutt"],["Earthquake"],["Outrage"]]},{"species":"Latios","item":"Psychium Z","ability":"Levitate","evs":{"hp":4,"spa":252,"spe":252},"ivs":{"atk":0},"nature":"Timid","moves":[["Heal Block"],["Psychic","Psyshock"],["Draco Meteor","Dragon Pulse"],["Shadow Ball","Hidden Power Fire","Roost"]]}]},"lopunny":{"flags":{"megaOnly":1},"sets":[{"species":"Lopunny","item":"Lopunnite","ability":"Limber","evs":{"hp":4,"atk":252,"spe":252},"nature":"Jolly","moves":[["Fake Out"],["High Jump Kick"],["Return"],["Ice Punch","Encore","Power-Up Punch","Substitute"]]}]},"lucario":{"flags":{"megaOnly":1},"sets":[{"species":"Lucario","item":"Lucarionite","ability":"Justified","evs":{"hp":4,"atk":252,"spe":252},"nature":"Jolly","moves":[["Close Combat"],["Bullet Punch","Extreme Speed"],["Earthquake","Ice Punch","Meteor Mash"],["Swords Dance"]]},{"species":"Lucario","item":"Lucarionite","ability":"Justified","evs":{"hp":4,"spa":252,"spe":252},"nature":"Timid","moves":[["Flash Cannon"],["Focus Blast","Aura Sphere"],["Dark Pulse","Vacuum Wave"],["Nasty Plot"]]},{"species":"Lucario","item":"Lucarionite","ability":"Justified","evs":{"atk":4,"spa":252,"spe":252},"nature":"Naive","moves":[["Flash Cannon"],["Close Combat"],["Substitute","Ice Punch","Dark Pulse","Stone Edge"],["Extreme Speed","Bullet Punch","Vacuum Wave"]]},{"species":"Lucario","item":"Focus Sash","ability":"Inner Focus","evs":{"atk":252,"spd":4,"spe":252},"nature":"Jolly","moves":[["Counter"],["Close Combat"],["Rock Tomb"],["Extreme Speed","Bullet Punch"]]}]},"magnezone":{"flags":{},"sets":[{"species":"Magnezone","item":"Assault Vest","ability":"Analytic","evs":{"hp":252,"spa":252,"spe":4},"ivs":{"atk":0},"nature":"Modest","moves":[["Thunderbolt"],["Flash Cannon"],["Volt Switch"],["Hidden Power Fire","Hidden Power Ice"]]},{"species":"Magnezone","item":"Assault Vest","ability":"Magnet Pull","evs":{"hp":252,"spa":252,"spe":4},"ivs":{"atk":0},"nature":"Modest","moves":[["Thunderbolt"],["Flash Cannon"],["Volt Switch"],["Hidden Power Fire"]]},{"species":"Magnezone","item":"Assault Vest","ability":"Sturdy","evs":{"hp":252,"spa":252,"spe":4},"ivs":{"atk":0},"nature":"Modest","moves":[["Thunderbolt"],["Flash Cannon"],["Volt Switch"],["Hidden Power Fire","Hidden Power Ice"]]},{"species":"Magnezone","item":"Choice Specs","ability":"Sturdy","evs":{"hp":252,"spa":252,"spe":4},"ivs":{"atk":0},"nature":"Modest","moves":[["Thunderbolt"],["Flash Cannon"],["Hidden Power Ice"],["Volt Switch"]]},{"species":"Magnezone","item":"Choice Specs","ability":"Analytic","evs":{"hp":252,"spa":252,"spe":4},"ivs":{"atk":0},"nature":"Modest","moves":[["Thunderbolt"],["Flash Cannon"],["Hidden Power Ice"],["Volt Switch"]]},{"species":"Magnezone","item":"Electrium Z","ability":"Sturdy","evs":{"hp":252,"spa":252,"spe":4},"ivs":{"atk":0},"nature":"Modest","moves":[["Thunderbolt"],["Flash Cannon"],["Hidden Power Ice"],["Volt Switch"]]},{"species":"Magnezone","item":"Air Balloon","ability":"Analytic","evs":{"hp":252,"spa":252,"spe":4},"ivs":{"atk":0},"nature":"Modest","moves":[["Thunderbolt"],["Flash Cannon"],["Hidden Power Ice"],["Volt Switch"]]}]},"mamoswine":{"flags":{},"sets":[{"species":"Mamoswine","item":"Focus Sash","ability":"Thick Fat","evs":{"atk":252,"def":4,"spe":252},"nature":"Jolly","moves":[["Icicle Spear"],["Ice Shard"],["Earthquake"],["Stealth Rock","Rock Tomb","Endeavor"]]},{"species":"Mamoswine","item":"Rocky Helmet","ability":"Thick Fat","evs":{"hp":252,"def":252,"spe":4},"nature":"Impish","moves":[["Earthquake"],["Ice Shard"],["Roar","Toxic"],["Stealth Rock"]]},{"species":"Mamoswine","item":"Assault Vest","ability":"Thick Fat","evs":{"hp":44,"atk":164,"def":4,"spd":252,"spe":44},"nature":"Adamant","moves":[["Icicle Spear"],["Earthquake"],["Ice Shard"],["Fissure"]]},{"species":"Mamoswine","item":"Life Orb","ability":"Thick Fat","evs":{"hp":108,"atk":252,"def":52,"spd":92,"spe":4},"nature":"Adamant","moves":[["Stealth Rock"],["Earthquake"],["Icicle Spear"],["Ice Shard"]]},{"species":"Mamoswine","item":"Choice Scarf","ability":"Thick Fat","evs":{"atk":252,"def":4,"spe":252},"nature":"Jolly","moves":[["Icicle Spear","Icicle Crash"],["Ice Shard"],["Earthquake"],["Rock Slide","Superpower","Stone Edge","Knock Off"]]},{"species":"Piloswine","nickname":"Piloswine","item":"Eviolite","ability":"Thick Fat","evs":{"hp":252,"def":252,"spd":4},"nature":"Impish","moves":[["Rock Tomb","Roar"],["Ice Shard"],["Earthquake"],["Stealth Rock"]]}]},"mandibuzz":{"flags":{},"sets":[{"species":"Mandibuzz","item":"Rocky Helmet","ability":"Overcoat","evs":{"hp":252,"def":252,"spd":4},"ivs":{"atk":0},"nature":"Bold","moves":[["Foul Play"],["Taunt","U-turn"],["Toxic"],["Roost"]]}]},"manectric":{"flags":{"megaOnly":1},"sets":[{"species":"Manectric","item":"Manectite","ability":"Lightning Rod","evs":{"hp":4,"spa":252,"spe":252},"ivs":{"atk":0},"nature":"Timid","moves":[["Thunderbolt"],["Overheat","Flamethrower"],["Hidden Power Ice"],["Volt Switch"]]}]},"marowakalola":{"flags":{},"sets":[{"species":"Marowak-Alola","item":"Thick Club","ability":"Lightning Rod","evs":{"hp":252,"atk":252,"spe":4},"nature":"Adamant","moves":[["Flare Blitz"],["Shadow Bone"],["Bonemerang"],["Will-O-Wisp"]]},{"species":"Marowak-Alola","item":"Thick Club","ability":"Lightning Rod","evs":{"hp":252,"atk":252,"spe":4},"nature":"Jolly","moves":[["Flare Blitz"],["Shadow Bone"],["Bonemerang","Rock Slide","Will-O-Wisp"],["Flame Charge"]]},{"species":"Marowak-Alola","item":"Thick Club","ability":"Lightning Rod","evs":{"hp":252,"atk":4,"spd":252},"nature":"Careful","moves":[["Flare Blitz","Fire Punch"],["Shadow Bone"],["Bonemerang","Perish Song","Stealth Rock"],["Will-O-Wisp"]]}]},"mawile":{"flags":{"megaOnly":1},"sets":[{"species":"Mawile","item":"Mawilite","ability":"Intimidate","evs":{"hp":252,"atk":252,"def":4},"nature":"Adamant","moves":[["Iron Head","Fire Fang","Knock Off"],["Play Rough"],["Sucker Punch"],["Swords Dance"]]},{"species":"Mawile","item":"Mawilite","ability":"Intimidate","evs":{"hp":252,"atk":4,"spd":252},"nature":"Careful","moves":[["Knock Off","Iron Head","Fire Fang"],["Play Rough"],["Sucker Punch"],["Swords Dance"]]},{"species":"Mawile","item":"Mawilite","ability":"Intimidate","evs":{"hp":252,"atk":252,"def":4},"ivs":{"atk":19},"nature":"Adamant","moves":[["Substitute"],["Play Rough"],["Sucker Punch"],["Focus Punch"]]}]},"medicham":{"flags":{"megaOnly":1},"sets":[{"species":"Medicham","item":"Medichamite","ability":"Pure Power","evs":{"atk":252,"spd":4,"spe":252},"nature":"Jolly","moves":[["Fake Out","Bullet Punch"],["High Jump Kick"],["Ice Punch"],["Thunder Punch","Zen Headbutt"]]}]},"metagross":{"flags":{"megaOnly":1},"sets":[{"species":"Metagross","item":"Metagrossite","ability":"Clear Body","evs":{"hp":4,"atk":252,"spe":252},"nature":"Jolly","moves":[["Iron Head","Meteor Mash"],["Bullet Punch","Zen Headbutt","Thunder Punch"],["Ice Punch"],["Earthquake","Hammer Arm"]]},{"species":"Metagross","item":"Metagrossite","ability":"Clear Body","evs":{"hp":4,"atk":252,"spe":252},"nature":"Jolly","moves":[["Meteor Mash","Zen Headbutt"],["Hone Claws"],["Substitute"],["Earthquake"]]},{"species":"Metagross","item":"Metagrossite","ability":"Clear Body","evs":{"hp":252,"atk":4,"spe":252},"nature":"Jolly","moves":[["Iron Head"],["Zen Headbutt"],["Ice Punch"],["Stealth Rock"]]}]},"milotic":{"flags":{},"sets":[{"species":"Milotic","item":"Flame Orb","ability":"Marvel Scale","evs":{"hp":252,"def":252,"spe":4},"ivs":{"atk":0},"nature":"Bold","moves":[["Scald"],["Toxic","Ice Beam"],["Recover"],["Mirror Coat"]]},{"species":"Milotic","item":"Assault Vest","ability":"Competitive","evs":{"hp":244,"def":44,"spa":212,"spd":4,"spe":4},"ivs":{"atk":0},"nature":"Modest","moves":[["Scald"],["Ice Beam"],["Mirror Coat"],["Icy Wind","Hidden Power Fire"]]}]},"mimikyu":{"flags":{},"sets":[{"species":"Mimikyu","item":"Ghostium Z","ability":"Disguise","evs":{"hp":4,"atk":252,"spe":252},"nature":"Adamant","moves":[["Swords Dance"],["Shadow Claw"],["Play Rough"],["Shadow Sneak"]]},{"species":"Mimikyu","item":"Mimikium Z","ability":"Disguise","evs":{"atk":252,"spd":4,"spe":252},"nature":"Adamant","moves":[["Swords Dance"],["Play Rough"],["Shadow Sneak"],["Shadow Claw","Drain Punch","Curse"]]},{"species":"Mimikyu","item":"Life Orb","ability":"Disguise","evs":{"hp":4,"atk":252,"spe":252},"nature":"Adamant","moves":[["Swords Dance"],["Shadow Claw"],["Play Rough"],["Shadow Sneak"]]},{"species":"Mimikyu","item":"Focus Sash","ability":"Disguise","evs":{"hp":4,"atk":252,"spe":252},"nature":"Jolly","moves":[["Swords Dance"],["Shadow Claw"],["Play Rough"],["Shadow Sneak"]]},{"species":"Mimikyu","item":"Mimikium Z","ability":"Disguise","evs":{"hp":228,"atk":252,"def":28},"nature":"Adamant","moves":[["Swords Dance"],["Play Rough"],["Shadow Sneak"],["Curse"]]},{"species":"Mimikyu","item":"Ghostium Z","ability":"Disguise","evs":{"atk":252,"spd":4,"spe":252},"nature":"Jolly","moves":[["Curse"],["Substitute"],["Pain Split"],["Shadow Claw"]]}]},"mukalola":{"flags":{},"sets":[{"species":"Muk-Alola","item":"Assault Vest","ability":"Poison Touch","evs":{"hp":164,"atk":92,"spd":252},"nature":"Brave","moves":[["Poison Jab","Gunk Shot"],["Knock Off"],["Shadow Sneak","Clear Smog"],["Pursuit","Fire Punch"]]},{"species":"Muk-Alola","item":"Black Sludge","ability":"Poison Touch","evs":{"hp":252,"atk":4,"spd":252},"nature":"Careful","moves":[["Minimize"],["Toxic","Curse"],["Knock Off"],["Poison Jab"]]},{"species":"Muk-Alola","item":"Figy Berry","ability":"Gluttony","evs":{"hp":252,"atk":252,"def":4},"nature":"Adamant","moves":[["Minimize","Recycle"],["Knock Off","Fire Punch"],["Poison Jab","Gunk Shot"],["Curse","Shadow Sneak"]]}]},"naganadel":{"flags":{"zmoveOnly":1},"sets":[{"species":"Naganadel","item":"Dragonium Z","ability":"Beast Boost","evs":{"hp":20,"spa":236,"spe":252},"ivs":{"atk":0,"def":0},"nature":"Timid","moves":[["Nasty Plot"],["Draco Meteor","Dragon Pulse"],["Sludge Wave","Sludge Bomb"],["Fire Blast","Flamethrower","Hidden Power Ground"]]},{"species":"Naganadel","item":"Choice Specs","ability":"Beast Boost","evs":{"hp":4,"spa":252,"spe":252},"ivs":{"atk":0,"def":29},"nature":"Timid","moves":[["Draco Meteor","Dragon Pulse"],["Sludge Wave","Sludge Bomb"],["Fire Blast","Flamethrower"],["Hidden Power Ground"]]},{"species":"Naganadel","item":"Choice Scarf","ability":"Beast Boost","evs":{"hp":4,"spa":252,"spe":252},"ivs":{"def":29},"nature":"Modest","moves":[["Draco Meteor","Dragon Pulse"],["Sludge Wave","Sludge Bomb"],["Fire Blast","Flamethrower"],["Hidden Power Ground","U-turn"]]}]},"nidoking":{"flags":{},"sets":[{"species":"Nidoking","item":"Focus Sash","ability":"Sheer Force","evs":{"spa":252,"spd":4,"spe":252},"ivs":{"atk":0},"nature":"Modest","moves":[["Earth Power"],["Sludge Wave"],["Ice Beam"],["Flamethrower","Fire Blast","Sucker Punch"]]},{"species":"Nidoking","item":"Life Orb","ability":"Sheer Force","evs":{"spa":252,"spd":4,"spe":252},"ivs":{"atk":0},"nature":"Timid","moves":[["Earth Power"],["Sludge Wave"],["Ice Beam"],["Flamethrower","Fire Blast","Thunderbolt"]]},{"species":"Nidoking","item":"Choice Scarf","ability":"Sheer Force","evs":{"spa":252,"spd":4,"spe":252},"ivs":{"atk":0},"nature":"Timid","moves":[["Earth Power"],["Sludge Wave"],["Ice Beam"],["Flamethrower","Fire Blast","Thunderbolt"]]}]},"nihilego":{"flags":{},"sets":[{"species":"Nihilego","item":"Focus Sash","ability":"Beast Boost","evs":{"hp":4,"spa":252,"spe":252},"ivs":{"atk":0},"nature":"Timid","moves":[["Power Gem"],["Sludge Wave"],["Hidden Power Ice","Hidden Power Fire","Toxic Spikes","Thunder Wave"],["Stealth Rock","Mirror Coat"]]},{"species":"Nihilego","item":"Choice Scarf","ability":"Beast Boost","evs":{"hp":4,"spa":252,"spe":252},"ivs":{"atk":0},"nature":"Timid","moves":[["Power Gem"],["Sludge Wave"],["Hidden Power Ice","Hidden Power Fire"],["Thunderbolt","Psychic","Grass Knot","Clear Smog"]]}]},"ninetales":{"flags":{},"sets":[{"species":"Ninetales","item":"Heat Rock","ability":"Drought","evs":{"hp":4,"spa":252,"spe":252},"ivs":{"atk":0},"nature":"Timid","moves":[["Overheat"],["Power Swap"],["Will-O-Wisp","Hypnosis"],["Hidden Power Ground"]]},{"species":"Ninetales-Alola","item":"Focus Sash","ability":"Snow Warning","evs":{"hp":4,"spa":252,"spe":252},"ivs":{"atk":0},"nature":"Timid","moves":[["Blizzard"],["Aurora Veil"],["Encore","Hypnosis"],["Moonblast","Freeze-Dry","Icy Wind"]]},{"species":"Ninetales-Alola","item":"Light Clay","ability":"Snow Warning","evs":{"hp":244,"spd":12,"spe":252},"ivs":{"atk":0},"nature":"Timid","moves":[["Blizzard"],["Aurora Veil"],["Encore","Hypnosis"],["Disable","Icy Wind","Freeze-Dry","Sheer Cold"]]},{"species":"Ninetales-Alola","item":"Icium Z","ability":"Snow Warning","evs":{"hp":4,"spa":252,"spe":252},"ivs":{"atk":0},"nature":"Timid","moves":[["Blizzard"],["Aurora Veil"],["Encore","Hypnosis"],["Moonblast","Freeze-Dry"]]}]},"pelipper":{"flags":{},"sets":[{"species":"Pelipper","item":"Focus Sash","ability":"Drizzle","evs":{"def":4,"spa":252,"spe":252},"nature":"Modest","moves":[["Hurricane"],["Hydro Pump","Scald"],["Ice Beam","Icy Wind"],["U-turn"]]},{"species":"Pelipper","item":"Rocky Helmet","ability":"Drizzle","evs":{"hp":252,"def":252,"spd":4},"nature":"Bold","moves":[["Hurricane"],["Scald"],["Roost"],["U-turn","Toxic","Ice Beam"]]},{"species":"Pelipper","item":"Choice Specs","ability":"Drizzle","evs":{"def":4,"spa":252,"spe":252},"nature":"Timid","moves":[["Hurricane"],["Hydro Pump"],["Ice Beam"],["U-turn","Shock Wave","Scald","Sleep Talk"]]}]},"pheromosa":{"flags":{},"sets":[{"species":"Pheromosa","item":"Choice Scarf","ability":"Beast Boost","evs":{"hp":116,"atk":84,"def":252,"spa":4,"spe":52},"nature":"Naughty","moves":[["High Jump Kick"],["U-turn"],["Ice Beam"],["Poison Jab"]]},{"species":"Pheromosa","item":"Life Orb","ability":"Beast Boost","evs":{"atk":252,"spa":4,"spe":252},"nature":"Lonely","moves":[["High Jump Kick"],["U-turn"],["Poison Jab"],["Ice Beam"]]},{"species":"Pheromosa","item":"Focus Sash","ability":"Beast Boost","evs":{"atk":252,"spa":4,"spe":252},"nature":"Hasty","moves":[["High Jump Kick"],["U-turn"],["Poison Jab"],["Ice Beam"]]},{"species":"Pheromosa","item":"Fightinium Z","ability":"Beast Boost","evs":{"spa":252,"spd":4,"spe":252},"ivs":{"atk":0},"nature":"Modest","moves":[["Focus Blast"],["Bug Buzz"],["Hidden Power Rock","U-turn","Quiver Dance"],["Ice Beam"]]},{"species":"Pheromosa","item":"Fist Plate","ability":"Beast Boost","evs":{"atk":252,"spa":4,"spe":252},"nature":"Naughty","moves":[["High Jump Kick"],["U-turn"],["Fling"],["Ice Beam"]]}]},"pinsir":{"flags":{"megaOnly":1},"sets":[{"species":"Pinsir","item":"Pinsirite","ability":"Hyper Cutter","evs":{"hp":4,"atk":252,"spe":252},"nature":"Jolly","moves":[["Swords Dance"],["Return"],["Quick Attack","Feint"],["Close Combat","Earthquake"]]}]},"politoed":{"flags":{},"sets":[{"species":"Politoed","item":"Eject Button","ability":"Drizzle","evs":{"hp":252,"def":252,"spd":4},"nature":"Bold","moves":[["Scald"],["Ice Beam"],["Perish Song"],["Encore","Protect","Hypnosis"]]},{"species":"Politoed","item":"Psychium Z","ability":"Drizzle","evs":{"hp":4,"atk":252,"spe":252},"nature":"Jolly","moves":[["Hypnosis"],["Belly Drum"],["Waterfall"],["Earthquake"]]}]},"porygonz":{"flags":{},"sets":[{"species":"Porygon-Z","item":"Normalium Z","ability":"Adaptability","evs":{"hp":4,"spa":252,"spe":252},"ivs":{"atk":0},"nature":"Timid","moves":[["Thunderbolt"],["Conversion"],["Ice Beam"],["Dark Pulse"]]},{"species":"Porygon-Z","item":"Normalium Z","ability":"Adaptability","evs":{"hp":4,"spa":252,"spe":252},"ivs":{"atk":0},"nature":"Timid","moves":[["Shadow Ball"],["Conversion"],["Ice Beam"],["Thunderbolt","Hyper Beam"]]},{"species":"Porygon-Z","item":"Normalium Z","ability":"Adaptability","evs":{"hp":4,"spa":252,"spe":252},"ivs":{"atk":0},"nature":"Modest","moves":[["Tri Attack"],["Conversion"],["Dark Pulse","Shadow Ball","Ice Beam","Thunderbolt"],["Hyper Beam"]]},{"species":"Porygon-Z","item":"Choice Scarf","ability":"Adaptability","evs":{"hp":4,"spa":252,"spe":252},"ivs":{"atk":0},"nature":"Modest","moves":[["Tri Attack","Uproar"],["Ice Beam"],["Thunderbolt"],["Dark Pulse","Shadow Ball"]]}]},"porygon2":{"flags":{},"sets":[{"species":"Porygon2","item":"Eviolite","ability":"Analytic","evs":{"hp":244,"def":124,"spd":140},"nature":"Sassy","moves":[["Return"],["Foul Play"],["Ice Beam"],["Recover"]]},{"species":"Porygon2","item":"Eviolite","ability":"Trace","evs":{"hp":244,"def":140,"spa":20,"spd":100,"spe":4},"ivs":{"atk":0},"nature":"Modest","moves":[["Recover"],["Ice Beam"],["Discharge","Thunderbolt"],["Toxic"]]},{"species":"Porygon2","item":"Eviolite","ability":"Trace","evs":{"hp":244,"def":204,"spd":60},"ivs":{"atk":0},"nature":"Bold","moves":[["Ice Beam"],["Shadow Ball","Foul Play"],["Discharge","Toxic"],["Recover"]]},{"species":"Porygon2","item":"Eviolite","ability":"Download","evs":{"hp":244,"def":204,"spd":60},"ivs":{"atk":0},"nature":"Bold","moves":[["Ice Beam"],["Tri Attack","Shadow Ball"],["Thunderbolt","Discharge"],["Recover"]]},{"species":"Porygon2","item":"Eviolite","ability":"Download","evs":{"hp":244,"spa":252,"spd":12},"ivs":{"atk":0,"spe":0},"nature":"Quiet","moves":[["Ice Beam"],["Tri Attack","Shadow Ball"],["Thunderbolt","Hidden Power Fire","Hidden Power Ground"],["Trick Room"]]}]},"primarina":{"flags":{},"sets":[{"species":"Primarina","item":"Primarium Z","ability":"Torrent","evs":{"hp":252,"def":100,"spa":156},"nature":"Quiet","moves":[["Sparkling Aria"],["Moonblast"],["Aqua Jet"],["Perish Song","Encore","Hidden Power Fire","Sing"]]},{"species":"Primarina","item":"Choice Specs","ability":"Torrent","evs":{"hp":252,"def":4,"spa":252},"nature":"Modest","moves":[["Sparkling Aria","Hydro Pump"],["Moonblast"],["Psychic","Energy Ball"],["Hidden Power Fire"]]}]},"pyukumuku":{"flags":{},"sets":[{"species":"Pyukumuku","item":"Sitrus Berry","ability":"Unaware","evs":{"hp":252,"def":252,"spd":4},"nature":"Bold","moves":[["Counter"],["Recover"],["Harden","Soak"],["Toxic"]]},{"species":"Pyukumuku","item":"Rocky Helmet","ability":"Unaware","evs":{"hp":252,"def":252,"spd":4},"nature":"Bold","moves":[["Counter"],["Recover"],["Harden","Soak"],["Toxic"]]},{"species":"Pyukumuku","item":"Poisonium Z","ability":"Unaware","evs":{"hp":252,"def":252,"spd":4},"nature":"Bold","moves":[["Purify"],["Recover"],["Double Team","Soak","Toxic"],["Baton Pass"]]},{"species":"Pyukumuku","item":"Wiki Berry","ability":"Innards Out","evs":{"hp":252,"def":252,"spd":4},"nature":"Bold","moves":[["Counter"],["Recover"],["Harden","Soak"],["Toxic"]]}]},"quagsire":{"flags":{},"sets":[{"species":"Quagsire","item":"Rocky Helmet","ability":"Unaware","evs":{"hp":252,"def":252,"spd":4},"nature":"Impish","moves":[["Earthquake"],["Curse"],["Recover"],["Yawn"]]},{"species":"Quagsire","item":"Leftovers","ability":"Unaware","evs":{"hp":252,"def":252,"spd":4},"nature":"Bold","moves":[["Scald"],["Recover"],["Toxic"],["Stockpile"]]}]},"raikou":{"flags":{},"sets":[{"species":"Raikou","item":"Choice Specs","ability":"Pressure","evs":{"hp":4,"spa":252,"spe":252},"ivs":{"atk":0},"nature":"Timid","moves":[["Thunderbolt"],["Hidden Power Ice"],["Shadow Ball","Extrasensory"],["Volt Switch"]]},{"species":"Raikou","item":"Leftovers","ability":"Pressure","evs":{"hp":220,"spa":52,"spe":236},"ivs":{"atk":0},"nature":"Timid","moves":[["Substitute"],["Calm Mind"],["Thunderbolt"],["Hidden Power Ice"]]},{"species":"Raikou","item":"Light Clay","ability":"Pressure","evs":{"hp":4,"spa":252,"spe":252},"ivs":{"atk":0},"nature":"Timid","moves":[["Reflect"],["Light Screen"],["Thunderbolt","Volt Switch"],["Hidden Power Ice"]]}]},"reuniclus":{"flags":{},"sets":[{"species":"Reuniclus","item":"Life Orb","ability":"Magic Guard","evs":{"hp":252,"spa":252,"spd":4},"ivs":{"atk":0},"nature":"Modest","moves":[["Calm Mind"],["Psychic","Psyshock"],["Focus Blast"],["Recover"]]},{"species":"Reuniclus","item":"Psychium Z","ability":"Overcoat","evs":{"hp":252,"spa":252,"spd":4},"ivs":{"atk":0,"spe":0},"nature":"Quiet","moves":[["Trick Room"],["Psychic"],["Focus Blast"],["Shadow Ball"]]},{"species":"Reuniclus","item":"Kee Berry","ability":"Magic Guard","evs":{"hp":252,"def":252,"spa":4},"ivs":{"atk":0},"nature":"Bold","moves":[["Calm Mind"],["Psychic","Psyshock"],["Focus Blast"],["Recover"]]}]},"rhyperior":{"flags":{},"sets":[{"species":"Rhyperior","item":"Rockium Z","ability":"Solid Rock","evs":{"hp":204,"atk":252,"spd":52},"nature":"Adamant","moves":[["Rock Wrecker"],["Earthquake"],["Ice Punch"],["Rock Blast"]]},{"species":"Rhyperior","item":"Assault Vest","ability":"Solid Rock","evs":{"hp":4,"atk":252,"spd":252},"nature":"Adamant","moves":[["Rock Blast"],["Earthquake"],["Ice Punch"],["Horn Drill"]]},{"species":"Rhyperior","item":"Weakness Policy","ability":"Solid Rock","evs":{"hp":4,"atk":252,"spe":252},"nature":"Jolly","moves":[["Rock Blast"],["Earthquake"],["Ice Punch"],["Rock Polish"]]}]},"rotom":{"flags":{},"sets":[{"species":"Rotom-Heat","item":"Choice Specs","ability":"Levitate","evs":{"hp":108,"spa":252,"spe":148},"ivs":{"atk":0},"nature":"Modest","moves":[["Overheat"],["Thunderbolt","Trick"],["Volt Switch"],["Hidden Power Ice"]]},{"species":"Rotom-Heat","item":"Choice Scarf","ability":"Levitate","evs":{"hp":4,"spa":252,"spe":252},"ivs":{"atk":0},"nature":"Timid","moves":[["Overheat"],["Thunderbolt","Trick"],["Volt Switch"],["Hidden Power Ice"]]},{"species":"Rotom-Heat","item":"Assault Vest","ability":"Levitate","evs":{"hp":252,"def":36,"spa":180,"spe":4},"ivs":{"atk":0},"nature":"Modest","moves":[["Overheat"],["Discharge","Thunderbolt"],["Volt Switch"],["Hidden Power Ice"]]},{"species":"Rotom-Heat","item":"Firium Z","ability":"Levitate","evs":{"hp":108,"spa":252,"spe":148},"ivs":{"atk":0},"nature":"Modest","moves":[["Overheat"],["Thunderbolt","Will-O-Wisp"],["Volt Switch"],["Hidden Power Ice","Electroweb"]]},{"species":"Rotom-Heat","item":"Sitrus Berry","ability":"Levitate","evs":{"hp":252,"def":252,"spe":4},"ivs":{"atk":0},"nature":"Bold","moves":[["Overheat"],["Volt Switch"],["Will-O-Wisp"],["Hidden Power Ice","Foul Play"]]},{"species":"Rotom-Heat","item":"Leftovers","ability":"Levitate","evs":{"hp":252,"spd":244,"spe":12},"ivs":{"atk":0},"nature":"Calm","moves":[["Overheat"],["Discharge"],["Substitute"],["Will-O-Wisp","Toxic"]]},{"species":"Rotom-Heat","item":"Leftovers","ability":"Levitate","evs":{"hp":156,"spd":220,"spe":132},"ivs":{"atk":0},"nature":"Calm","moves":[["Overheat"],["Discharge"],["Substitute"],["Will-O-Wisp","Toxic"]]},{"species":"Rotom-Heat","item":"Sitrus Berry","ability":"Levitate","evs":{"hp":252,"spd":252,"spe":4},"ivs":{"atk":0},"nature":"Calm","moves":[["Overheat"],["Volt Switch"],["Will-O-Wisp","Thunder Wave"],["Discharge","Hidden Power Ice","Thunderbolt"]]},{"species":"Rotom-Wash","item":"Choice Specs","ability":"Levitate","evs":{"hp":108,"spa":252,"spe":148},"ivs":{"atk":0},"nature":"Modest","moves":[["Hydro Pump"],["Thunderbolt","Trick"],["Volt Switch"],["Hidden Power Ice"]]},{"species":"Rotom-Wash","item":"Choice Scarf","ability":"Levitate","evs":{"hp":4,"spa":252,"spe":252},"ivs":{"atk":0},"nature":"Timid","moves":[["Hydro Pump"],["Thunderbolt","Trick"],["Volt Switch"],["Hidden Power Ice"]]},{"species":"Rotom-Wash","item":"Waterium Z","ability":"Levitate","evs":{"hp":108,"spa":252,"spe":148},"ivs":{"atk":0},"nature":"Modest","moves":[["Hydro Pump"],["Thunderbolt","Electroweb"],["Volt Switch"],["Hidden Power Ice","Will-O-Wisp"]]},{"species":"Rotom-Wash","item":"Sitrus Berry","ability":"Levitate","evs":{"hp":252,"def":252,"spe":4},"ivs":{"atk":0},"nature":"Bold","moves":[["Hydro Pump"],["Volt Switch"],["Will-O-Wisp"],["Hidden Power Ice","Foul Play"]]},{"species":"Rotom-Wash","item":"Sitrus Berry","ability":"Levitate","evs":{"hp":252,"spa":252,"spe":4},"ivs":{"atk":0},"nature":"Modest","moves":[["Hydro Pump"],["Thunderbolt","Electroweb"],["Volt Switch"],["Hidden Power Ice","Will-O-Wisp"]]}]},"salamence":{"flags":{"megaOnly":1},"sets":[{"species":"Salamence","item":"Salamencite","ability":"Intimidate","evs":{"hp":4,"spa":252,"spe":252},"ivs":{"atk":0},"nature":"Timid","moves":[["Hyper Voice"],["Draco Meteor"],["Flamethrower","Fire Blast"],["Roost","Hyper Beam"]]},{"species":"Salamence","item":"Salamencite","ability":"Intimidate","evs":{"atk":4,"spa":252,"spe":252},"nature":"Naive","moves":[["Hyper Voice","Earthquake"],["Draco Meteor"],["Flamethrower","Fire Blast"],["Double-Edge"]]},{"species":"Salamence","item":"Salamencite","ability":"Intimidate","evs":{"hp":244,"atk":4,"def":4,"spd":228,"spe":28},"nature":"Careful","moves":[["Dragon Dance"],["Facade"],["Roost"],["Earthquake","Substitute"]]},{"species":"Salamence","item":"Salamencite","ability":"Intimidate","evs":{"hp":4,"atk":252,"spe":252},"nature":"Adamant","moves":[["Dragon Dance"],["Return","Double-Edge"],["Earthquake"],["Roost","Substitute","Fire Blast","Draco Meteor"]]},{"species":"Salamence","item":"Salamencite","ability":"Intimidate","evs":{"hp":252,"atk":4,"spe":252},"nature":"Jolly","moves":[["Toxic"],["Substitute"],["Roost"],["Return"]]},{"species":"Salamence","item":"Flyinium Z","ability":"Moxie","evs":{"hp":4,"atk":252,"spe":252},"nature":"Jolly","moves":[["Dragon Claw","Outrage"],["Fly"],["Earthquake"],["Dragon Dance"]]}]},"scizor":{"flags":{"megaOnly":1},"sets":[{"species":"Scizor","item":"Scizorite","ability":"Technician","evs":{"hp":252,"atk":28,"def":52,"spd":172,"spe":4},"nature":"Adamant","moves":[["Bullet Punch"],["U-turn","Knock Off","Bug Bite"],["Swords Dance"],["Roost"]]},{"species":"Scizor","item":"Scizorite","ability":"Technician","evs":{"hp":252,"atk":252,"spe":4},"nature":"Adamant","moves":[["Bullet Punch"],["U-turn"],["Superpower"],["Swords Dance","Knock Off"]]},{"species":"Scizor","item":"Choice Band","ability":"Technician","evs":{"hp":252,"atk":252,"spe":4},"nature":"Adamant","moves":[["Bullet Punch"],["U-turn"],["Superpower"],["Knock Off","Pursuit"]]},{"species":"Scizor","item":"Lum Berry","ability":"Technician","evs":{"hp":252,"def":4,"spd":252},"nature":"Careful","moves":[["Swords Dance","Iron Defense"],["Roost"],["Bullet Punch"],["Knock Off","U-turn","Toxic"]]}]},"serperior":{"flags":{"limEevee":1},"sets":[{"species":"Serperior","item":"Focus Sash","ability":"Contrary","evs":{"hp":4,"spa":252,"spe":252},"ivs":{"atk":0},"nature":"Timid","moves":[["Leaf Storm"],["Hidden Power Fire","Hidden Power Ice","Hidden Power Rock"],["Glare"],["Taunt","Mirror Coat"]]},{"species":"Serperior","item":"Rocky Helmet","ability":"Contrary","evs":{"hp":252,"spa":4,"spe":252},"ivs":{"atk":0},"nature":"Timid","moves":[["Leaf Storm"],["Glare"],["Synthesis"],["Reflect","Hidden Power Fire"]]},{"species":"Serperior","item":"Leftovers","ability":"Contrary","evs":{"hp":252,"spa":4,"spe":252},"ivs":{"atk":0},"nature":"Timid","moves":[["Leaf Storm"],["Glare","Taunt"],["Leech Seed"],["Substitute"]]}]},"sharpedo":{"flags":{"megaOnly":1},"sets":[{"species":"Sharpedo","item":"Sharpedonite","ability":"Speed Boost","evs":{"hp":4,"atk":252,"spe":252},"nature":"Adamant","moves":[["Protect"],["Crunch"],["Ice Fang"],["Poison Fang","Earthquake","Liquidation","Aqua Jet"]]},{"species":"Sharpedo","item":"Focus Sash","ability":"Speed Boost","evs":{"hp":4,"spa":252,"spe":252},"ivs":{"atk":0},"nature":"Modest","moves":[["Protect"],["Dark Pulse","Hydro Pump"],["Ice Beam"],["Destiny Bond"]]}]},"shuckle":{"flags":{},"sets":[{"species":"Shuckle","item":"Red Card","ability":"Sturdy","evs":{"hp":252,"def":252,"spd":4},"nature":"Impish","moves":[["Sticky Web"],["Stealth Rock"],["Encore"],["Knock Off"]]},{"species":"Shuckle","item":"Mental Herb","ability":"Sturdy","evs":{"hp":252,"def":252,"spd":4},"nature":"Impish","moves":[["Sticky Web"],["Stealth Rock"],["Encore"],["Rock Tomb"]]}]},"silvally":{"flags":{},"sets":[{"species":"Silvally","item":"Normalium Z","ability":"RKS System","evs":{"hp":4,"atk":252,"spe":252},"nature":"Adamant","moves":[["Explosion"],["Swords Dance"],["Flame Charge"],["Crunch"]]},{"species":"Silvally","item":"Darkinium Z","ability":"RKS System","evs":{"hp":4,"spa":252,"spe":252},"ivs":{"atk":0},"nature":"Timid","moves":[["Parting Shot"],["Thunder Wave"],["Ice Beam"],["Flamethrower"]]},{"species":"Silvally-Electric","item":"Electric Memory","ability":"RKS System","evs":{"hp":4,"atk":252,"spe":252},"nature":"Adamant","moves":[["Multi-Attack"],["Swords Dance"],["Flame Charge"],["Crunch","Ice Fang"]]},{"species":"Silvally-Fighting","item":"Fighting Memory","ability":"RKS System","evs":{"hp":4,"atk":252,"spe":252},"nature":"Adamant","moves":[["Multi-Attack"],["Swords Dance"],["Flame Charge"],["Shadow Claw"]]},{"species":"Silvally-Ground","item":"Ground Memory","ability":"RKS System","evs":{"hp":4,"atk":252,"spe":252},"nature":"Adamant","moves":[["Multi-Attack"],["Swords Dance"],["Flame Charge"],["Rock Slide"]]},{"species":"Silvally-Steel","item":"Steel Memory","ability":"RKS System","evs":{"hp":4,"spa":252,"spe":252},"ivs":{"atk":0},"nature":"Timid","moves":[["Parting Shot"],["Thunder Wave"],["Flamethrower"],["Flash Cannon","Ice Beam"]]}]},"skarmory":{"flags":{},"sets":[{"species":"Skarmory","item":"Flyinium Z","ability":"Sturdy","evs":{"atk":252,"spd":4,"spe":252},"nature":"Jolly","moves":[["Stealth Rock"],["Brave Bird"],["Taunt"],["Rock Tomb"]]},{"species":"Skarmory","item":"Rocky Helmet","ability":"Sturdy","evs":{"hp":252,"def":252,"spd":4},"nature":"Impish","moves":[["Iron Head","Drill Peck"],["Roost"],["Iron Defense","Stealth Rock"],["Taunt","Toxic","Whirlwind"]]},{"species":"Skarmory","item":"Leftovers","ability":"Sturdy","evs":{"hp":252,"def":252,"spd":4},"nature":"Impish","moves":[["Iron Head","Drill Peck"],["Roost"],["Iron Defense","Stealth Rock"],["Taunt","Toxic","Whirlwind"]]}]},"slowbro":{"flags":{"megaOnly":1},"sets":[{"species":"Slowbro","item":"Slowbronite","ability":"Regenerator","evs":{"hp":244,"def":252,"spa":4,"spd":4,"spe":4},"ivs":{"atk":0},"nature":"Bold","moves":[["Scald"],["Psychic","Fire Blast","Iron Defense","Calm Mind"],["Ice Beam"],["Slack Off"]]},{"species":"Slowbro","item":"Slowbronite","ability":"Regenerator","evs":{"hp":244,"def":4,"spa":252,"spd":4,"spe":4},"ivs":{"atk":0},"nature":"Modest","moves":[["Trick Room"],["Psychic","Psyshock","Flamethrower","Fire Blast"],["Scald"],["Ice Beam"]]},{"species":"Slowbro","item":"Rocky Helmet","ability":"Regenerator","evs":{"hp":244,"def":252,"spa":4,"spd":4,"spe":4},"ivs":{"atk":0},"nature":"Bold","moves":[["Scald"],["Psychic","Flamethrower","Iron Defense"],["Ice Beam"],["Slack Off"]]},{"species":"Slowbro","item":"Assault Vest","ability":"Regenerator","evs":{"hp":244,"def":252,"spa":4,"spd":4,"spe":4},"ivs":{"atk":0},"nature":"Bold","moves":[["Scald"],["Psychic","Psyshock"],["Ice Beam"],["Flamethrower","Fire Blast"]]}]},"slurpuff":{"flags":{},"sets":[{"species":"Slurpuff","item":"Focus Sash","ability":"Unburden","evs":{"atk":252,"spe":252},"ivs":{"hp":0,"def":0,"spd":0},"nature":"Hasty","moves":[["Sticky Web"],["Endeavor"],["Yawn"],["Play Rough"]]}]},"snorlax":{"flags":{},"sets":[{"species":"Snorlax","item":"Figy Berry","ability":"Gluttony","evs":{"hp":212,"def":236,"spd":60},"nature":"Impish","moves":[["Recycle"],["Yawn","Toxic"],["Return","Heavy Slam"],["Whirlwind"]]},{"species":"Snorlax","item":"Figy Berry","ability":"Gluttony","evs":{"hp":244,"atk":28,"def":236},"nature":"Impish","moves":[["Recycle"],["Earthquake","Fire Punch"],["Return"],["Curse"]]},{"species":"Snorlax","item":"Figy Berry","ability":"Gluttony","evs":{"hp":244,"atk":28,"def":236},"nature":"Impish","moves":[["Recycle"],["Earthquake","Fire Punch"],["Return"],["Belly Drum"]]}]},"stakataka":{"flags":{"zmoveOnly":1},"sets":[{"species":"Stakataka","item":"Rockium Z","ability":"Beast Boost","evs":{"hp":252,"atk":252,"def":4},"ivs":{"spe":0},"nature":"Brave","moves":[["Gyro Ball"],["Rock Blast","Stone Edge","Rock Slide"],["Earthquake"],["Trick Room"]]},{"species":"Stakataka","item":"Rockium Z","ability":"Beast Boost","evs":{"hp":252,"atk":252,"spd":4},"ivs":{"def":15,"spe":0},"nature":"Lonely","moves":[["Gyro Ball"],["Rock Blast","Stone Edge","Rock Slide"],["Earthquake"],["Trick Room"]]},{"species":"Stakataka","item":"Groundium Z","ability":"Beast Boost","evs":{"hp":252,"atk":252,"def":4},"ivs":{"spe":0},"nature":"Brave","moves":[["Gyro Ball"],["Rock Blast","Stone Edge","Rock Slide"],["Earthquake"],["Trick Room"]]},{"species":"Stakataka","item":"Groundium Z","ability":"Beast Boost","evs":{"hp":252,"atk":252,"spd":4},"ivs":{"def":15,"spe":0},"nature":"Lonely","moves":[["Gyro Ball"],["Rock Blast","Stone Edge","Rock Slide"],["Earthquake"],["Trick Room"]]},{"species":"Stakataka","item":"Choice Band","ability":"Beast Boost","evs":{"hp":252,"atk":252,"def":4},"ivs":{"spe":0},"nature":"Brave","moves":[["Gyro Ball"],["Rock Blast","Stone Edge","Rock Slide"],["Earthquake"],["Superpower"]]},{"species":"Stakataka","item":"Choice Band","ability":"Beast Boost","evs":{"hp":252,"atk":252,"def":4},"ivs":{"def":15,"spe":0},"nature":"Lonely","moves":[["Gyro Ball"],["Rock Blast","Stone Edge","Rock Slide"],["Earthquake"],["Superpower"]]}]},"steelix":{"flags":{"megaOnly":1},"sets":[{"species":"Steelix","item":"Steelixite","ability":"Sturdy","evs":{"hp":244,"atk":148,"spd":116},"ivs":{"spe":0},"nature":"Brave","moves":[["Gyro Ball"],["Earthquake"],["Curse"],["Rock Blast","Stone Edge"]]}]},"suicune":{"flags":{},"sets":[{"species":"Suicune","item":"Chesto Berry","ability":"Pressure","evs":{"hp":252,"def":252,"spd":4},"nature":"Bold","moves":[["Calm Mind"],["Scald"],["Ice Beam"],["Rest"]]},{"species":"Suicune","item":"Rocky Helmet","ability":"Pressure","evs":{"hp":252,"def":252,"spd":4},"nature":"Bold","moves":[["Reflect"],["Scald"],["Ice Beam"],["Roar"]]},{"species":"Suicune","item":"Leftovers","ability":"Pressure","evs":{"hp":156,"def":60,"spa":12,"spd":60,"spe":220},"nature":"Timid","moves":[["Toxic"],["Scald"],["Substitute"],["Protect"]]},{"species":"Suicune","item":"Assault Vest","ability":"Pressure","evs":{"hp":252,"spa":252,"spe":4},"nature":"Modest","moves":[["Scald"],["Ice Beam"],["Mirror Coat"],["Icy Wind","Sheer Cold","Hidden Power Fire"]]}]},"swampert":{"flags":{"megaOnly":1},"sets":[{"species":"Swampert","item":"Swampertite","ability":"Torrent","evs":{"hp":4,"atk":252,"spe":252},"nature":"Adamant","moves":[["Waterfall"],["Earthquake"],["Ice Punch"],["Rain Dance"]]},{"species":"Swampert","item":"Sitrus Berry","ability":"Torrent","evs":{"hp":252,"def":252,"spd":4},"nature":"Bold","moves":[["Scald"],["Stealth Rock"],["Yawn"],["Roar"]]}]},"tapubulu":{"flags":{},"sets":[{"species":"Tapu Bulu","item":"Assault Vest","ability":"Grassy Surge","evs":{"hp":252,"atk":252,"spd":4},"nature":"Adamant","moves":[["Horn Leech"],["Wood Hammer"],["Nature's Madness","Superpower"],["Stone Edge","Rock Tomb"]]},{"species":"Tapu Bulu","item":"Choice Band","ability":"Grassy Surge","evs":{"hp":116,"atk":252,"spe":140},"nature":"Adamant","moves":[["Wood Hammer"],["Superpower"],["Zen Headbutt","Stone Edge"],["Horn Leech"]]},{"species":"Tapu Bulu","item":"Leftovers","ability":"Grassy Surge","evs":{"hp":252,"spd":4,"spe":252},"nature":"Jolly","moves":[["Horn Leech"],["Substitute"],["Leech Seed"],["Protect","Disable","Synthesis"]]},{"species":"Tapu Bulu","item":"Choice Scarf","ability":"Grassy Surge","evs":{"atk":252,"spd":4,"spe":252},"nature":"Jolly","moves":[["Horn Leech"],["Wood Hammer"],["Superpower","Zen Headbutt"],["Stone Edge","Rock Slide"]]}]},"tapufini":{"flags":{},"sets":[{"species":"Tapu Fini","item":"Aguav Berry","ability":"Misty Surge","evs":{"hp":236,"def":212,"spa":28,"spd":20,"spe":12},"ivs":{"atk":0},"nature":"Bold","moves":[["Moonblast"],["Surf"],["Taunt"],["Nature's Madness"]]},{"species":"Tapu Fini","item":"Tapunium Z","ability":"Misty Surge","evs":{"hp":236,"def":212,"spa":28,"spd":20,"spe":12},"ivs":{"atk":0},"nature":"Bold","moves":[["Moonblast"],["Surf","Hydro Pump","Brine"],["Taunt"],["Nature's Madness"]]},{"species":"Tapu Fini","item":"Waterium Z","ability":"Misty Surge","evs":{"hp":236,"def":4,"spa":252,"spd":4,"spe":12},"ivs":{"atk":0},"nature":"Modest","moves":[["Hydro Pump"],["Moonblast"],["Nature's Madness"],["Taunt"]]},{"species":"Tapu Fini","item":"Leftovers","ability":"Misty Surge","evs":{"hp":236,"def":4,"spa":252,"spd":4,"spe":12},"ivs":{"atk":0},"nature":"Modest","moves":[["Hydro Pump","Surf"],["Moonblast"],["Calm Mind"],["Taunt","Substitute","Hidden Power Fire"]]}]},"tapukoko":{"flags":{},"sets":[{"species":"Tapu Koko","item":"Life Orb","ability":"Electric Surge","evs":{"spa":252,"spd":4,"spe":252},"ivs":{"atk":0},"nature":"Timid","moves":[["Volt Switch","U-turn"],["Thunderbolt"],["Dazzling Gleam"],["Grass Knot","Hidden Power Fire","Taunt"]]},{"species":"Tapu Koko","item":"Electrium Z","ability":"Electric Surge","evs":{"spa":252,"spd":4,"spe":252},"ivs":{"atk":0},"nature":"Timid","moves":[["Volt Switch","U-turn"],["Thunderbolt"],["Dazzling Gleam"],["Grass Knot","Hidden Power Fire","Taunt","Calm Mind"]]},{"species":"Tapu Koko","item":"Choice Specs","ability":"Electric Surge","evs":{"spa":252,"spd":4,"spe":252},"ivs":{"atk":0},"nature":"Timid","moves":[["Volt Switch"],["Thunderbolt"],["Dazzling Gleam"],["Grass Knot","Hidden Power Fire"]]},{"species":"Tapu Koko","item":"Electrium Z","ability":"Electric Surge","evs":{"hp":4,"atk":252,"spe":252},"nature":"Jolly","moves":[["Wild Charge"],["Brave Bird"],["U-turn"],["Taunt"]]},{"species":"Tapu Koko","item":"Electric Seed","ability":"Electric Surge","evs":{"def":60,"spa":196,"spe":252},"ivs":{"atk":0},"nature":"Timid","moves":[["Calm Mind"],["Thunderbolt"],["Dazzling Gleam"],["Roost"]]},{"species":"Tapu Koko","item":"Light Clay","ability":"Electric Surge","evs":{"hp":252,"spd":4,"spe":252},"ivs":{"atk":0},"nature":"Timid","moves":[["Reflect"],["Light Screen"],["Volt Switch"],["Taunt"]]}]},"tapulele":{"flags":{},"sets":[{"species":"Tapu Lele","item":"Choice Scarf","ability":"Psychic Surge","evs":{"hp":4,"spa":252,"spe":252},"ivs":{"atk":0},"nature":"Modest","moves":[["Psychic"],["Moonblast"],["Shadow Ball"],["Hidden Power Fire","Focus Blast"]]},{"species":"Tapu Lele","item":"Choice Specs","ability":"Psychic Surge","evs":{"def":4,"spa":252,"spe":252},"ivs":{"atk":0},"nature":"Timid","moves":[["Psychic"],["Moonblast"],["Psyshock","Shadow Ball"],["Focus Blast","Hidden Power Fire"]]},{"species":"Tapu Lele","item":"Fightinium Z","ability":"Psychic Surge","evs":{"def":4,"spa":252,"spe":252},"ivs":{"atk":0},"nature":"Timid","moves":[["Psychic","Psyshock"],["Moonblast"],["Focus Blast"],["Calm Mind"]]},{"species":"Tapu Lele","item":"Psychium Z","ability":"Psychic Surge","evs":{"def":4,"spa":252,"spe":252},"ivs":{"atk":0},"nature":"Timid","moves":[["Psychic"],["Moonblast"],["Focus Blast","Shadow Ball","Hidden Power Fire"],["Calm Mind","Taunt"]]},{"species":"Tapu Lele","item":"Assault Vest","ability":"Psychic Surge","evs":{"hp":92,"spa":252,"spd":164},"ivs":{"atk":0},"nature":"Modest","moves":[["Psychic"],["Moonblast"],["Shadow Ball"],["Focus Blast","Hidden Power Fire"]]}]},"terrakion":{"flags":{},"sets":[{"species":"Terrakion","item":"Focus Sash","ability":"Justified","evs":{"hp":4,"atk":252,"spe":252},"nature":"Jolly","moves":[["Close Combat"],["Rock Tomb"],["Stealth Rock"],["Stone Edge","Taunt","Quick Attack"]]},{"species":"Terrakion","item":"Rockium Z","ability":"Justified","evs":{"hp":4,"atk":252,"spe":252},"nature":"Jolly","moves":[["Close Combat"],["Stone Edge"],["Swords Dance"],["Quick Attack","Earthquake","Poison Jab"]]}]},"thundurus":{"flags":{},"sets":[{"species":"Thundurus","item":"Electrium Z","ability":"Prankster","evs":{"hp":4,"spa":252,"spe":252},"ivs":{"atk":0},"nature":"Timid","moves":[["Thunderbolt"],["Hidden Power Ice"],["Nasty Plot","Thunder Wave","Taunt"],["Focus Blast","Grass Knot","Volt Switch"]]},{"species":"Thundurus","item":"Fightinium Z","ability":"Prankster","evs":{"hp":4,"spa":252,"spe":252},"ivs":{"atk":0},"nature":"Timid","moves":[["Thunderbolt"],["Hidden Power Ice"],["Focus Blast"],["Nasty Plot"]]},{"species":"Thundurus","item":"Sitrus Berry","ability":"Prankster","evs":{"hp":244,"def":168,"spa":68,"spe":28},"nature":"Bold","moves":[["Thunder Wave"],["Thunderbolt"],["Hidden Power Ice"],["Taunt","Volt Switch"]]},{"species":"Thundurus","item":"Leftovers","ability":"Prankster","evs":{"hp":244,"def":28,"spa":4,"spd":204,"spe":28},"ivs":{"atk":0},"nature":"Calm","moves":[["Discharge"],["Toxic"],["Substitute"],["Protect"]]},{"species":"Thundurus","item":"Salac Berry","ability":"Prankster","evs":{"hp":140,"def":12,"spa":164,"spd":4,"spe":188},"ivs":{"atk":0},"nature":"Timid","moves":[["Thunderbolt"],["Hidden Power Ice"],["Substitute"],["Nasty Plot"]]},{"species":"Thundurus-Therian","item":"Choice Specs","ability":"Volt Absorb","evs":{"spa":252,"spd":4,"spe":252},"ivs":{"atk":0},"nature":"Timid","moves":[["Thunderbolt"],["Volt Switch"],["Hidden Power Ice"],["Focus Blast","Sludge Wave","Grass Knot"]]},{"species":"Thundurus-Therian","item":"Choice Scarf","ability":"Volt Absorb","evs":{"spa":252,"spd":4,"spe":252},"ivs":{"atk":0},"nature":"Timid","moves":[["Thunderbolt"],["Volt Switch"],["Hidden Power Ice"],["Focus Blast","Sludge Wave"]]},{"species":"Thundurus-Therian","item":"Fightinium Z","ability":"Volt Absorb","ivs":{"atk":0},"evs":{"spa":252,"spd":4,"spe":252},"nature":"Timid","moves":[["Thunderbolt"],["Nasty Plot"],["Hidden Power Ice"],["Focus Blast"]]},{"species":"Thundurus-Therian","item":"Electrium Z","ability":"Volt Absorb","evs":{"spa":252,"spd":4,"spe":252},"ivs":{"atk":0},"nature":"Timid","moves":[["Thunderbolt"],["Nasty Plot","Agility"],["Hidden Power Ice"],["Focus Blast","Sludge Wave","Grass Knot"]]}]},"togekiss":{"flags":{},"sets":[{"species":"Togekiss","item":"Choice Scarf","ability":"Serene Grace","evs":{"hp":4,"spa":252,"spe":252},"ivs":{"atk":0},"nature":"Timid","moves":[["Air Slash"],["Fire Blast","Flamethrower"],["Aura Sphere","Ancient Power"],["Trick"]]},{"species":"Togekiss","item":"Normalium Z","ability":"Serene Grace","evs":{"hp":4,"spa":252,"spe":252},"ivs":{"atk":0},"nature":"Timid","moves":[["Yawn"],["Air Slash"],["Nasty Plot"],["Flamethrower"]]},{"species":"Togekiss","item":"Sitrus Berry","ability":"Serene Grace","evs":{"hp":252,"def":252,"spe":4},"ivs":{"atk":0},"nature":"Bold","moves":[["Thunder Wave"],["Roost"],["Air Slash"],["Nasty Plot","Flamethrower"]]},{"species":"Togekiss","item":"Firium Z","ability":"Serene Grace","evs":{"hp":4,"spa":252,"spe":252},"ivs":{"atk":0},"nature":"Timid","moves":[["Fire Blast"],["Nasty Plot"],["Air Slash"],["Thunder Wave","Yawn"]]}]},"toxapex":{"flags":{},"sets":[{"species":"Toxapex","item":"Black Sludge","ability":"Regenerator","evs":{"hp":252,"def":244,"spd":12},"ivs":{"atk":0},"nature":"Bold","moves":[["Scald"],["Toxic","Baneful Bunker","Toxic Spikes","Iron Defense"],["Recover"],["Haze"]]},{"species":"Toxapex","item":"Rocky Helmet","ability":"Regenerator","evs":{"hp":252,"def":244,"spd":12},"ivs":{"atk":0},"nature":"Bold","moves":[["Scald"],["Toxic","Baneful Bunker","Toxic Spikes","Iron Defense"],["Recover"],["Haze"]]},{"species":"Toxapex","item":"Black Sludge","ability":"Regenerator","evs":{"hp":252,"def":4,"spd":252},"ivs":{"atk":0},"nature":"Calm","moves":[["Scald"],["Toxic","Baneful Bunker","Toxic Spikes"],["Recover"],["Haze"]]}]},"tyranitar":{"flags":{"megaOnly":1},"sets":[{"species":"Tyranitar","item":"Rocky Helmet","ability":"Sand Stream","evs":{"hp":252,"def":252,"spd":4},"nature":"Bold","moves":[["Stealth Rock"],["Ice Beam"],["Foul Play"],["Flamethrower","Fire Blast"]]},{"species":"Tyranitar","item":"Rockium Z","ability":"Sand Stream","evs":{"hp":172,"atk":148,"def":84,"spa":100,"spe":4},"nature":"Brave","moves":[["Stealth Rock"],["Stone Edge"],["Fire Blast"],["Ice Beam"]]},{"species":"Tyranitar","item":"Lum Berry","ability":"Sand Stream","evs":{"hp":252,"atk":44,"def":4,"spd":204,"spe":4},"nature":"Careful","moves":[["Foul Play","Rock Slide"],["Pursuit"],["Roar","Rock Tomb"],["Stealth Rock"]]},{"species":"Tyranitar","item":"Expert Belt","ability":"Sand Stream","evs":{"hp":252,"atk":4,"def":100,"spa":20,"spd":132},"nature":"Sassy","moves":[["Rock Tomb"],["Ice Beam"],["Fire Blast"],["Roar","Stealth Rock"]]},{"species":"Tyranitar","item":"Lum Berry","ability":"Sand Stream","evs":{"hp":4,"atk":252,"spe":252},"nature":"Jolly","moves":[["Dragon Dance"],["Crunch"],["Stone Edge","Rock Slide"],["Ice Punch","Earthquake","Fire Punch"]]},{"species":"Tyranitar","item":"Choice Band","ability":"Sand Stream","evs":{"hp":4,"atk":252,"spe":252},"nature":"Adamant","moves":[["Crunch"],["Stone Edge"],["Ice Punch","Earthquake","Pursuit"],["Superpower","Fire Punch"]]},{"species":"Tyranitar","item":"Choice Scarf","ability":"Sand Stream","evs":{"atk":132,"spa":180,"spe":196},"nature":"Naive","moves":[["Rock Slide","Stone Edge"],["Ice Beam"],["Fire Blast","Superpower"],["Crunch","Rock Tomb","Earthquake"]]},{"species":"Tyranitar","item":"Assault Vest","ability":"Sand Stream","evs":{"hp":252,"atk":252,"def":4},"nature":"Adamant","moves":[["Crunch"],["Stone Edge"],["Ice Punch","Earthquake","Pursuit"],["Superpower","Fire Punch"]]},{"species":"Tyranitar","item":"Tyranitarite","ability":"Sand Stream","evs":{"hp":4,"atk":252,"spe":252},"nature":"Jolly","moves":[["Dragon Dance"],["Stone Edge","Crunch"],["Ice Punch","Earthquake"],["Fire Punch","Low Kick"]]}]},"umbreon":{"flags":{},"sets":[{"species":"Umbreon","item":"Normalium Z","ability":"Synchronize","evs":{"hp":252,"def":156,"spe":100},"ivs":{"atk":0},"nature":"Bold","moves":[["Celebrate"],["Baton Pass"],["Taunt","Yawn"],["Foul Play","Substitute","Double Team"]]},{"species":"Umbreon","item":"Leftovers","ability":"Inner Focus","evs":{"hp":252,"def":252,"spd":4},"ivs":{"atk":0},"nature":"Bold","moves":[["Foul Play"],["Toxic","Yawn"],["Wish","Moonlight"],["Protect"]]},{"species":"Umbreon","item":"Rocky Helmet","ability":"Synchronize","evs":{"hp":252,"def":252,"spd":4},"ivs":{"atk":0},"nature":"Bold","moves":[["Foul Play"],["Heal Bell"],["Toxic"],["Moonlight"]]}]},"venusaur":{"flags":{"megaOnly":1},"sets":[{"species":"Venusaur","item":"Venusaurite","ability":"Chlorophyll","evs":{"hp":252,"def":252,"spd":4},"ivs":{"atk":0},"nature":"Bold","moves":[["Sludge Bomb"],["Giga Drain","Hidden Power Fire"],["Synthesis"],["Leech Seed","Sleep Powder"]]},{"species":"Venusaur","item":"Venusaurite","ability":"Chlorophyll","evs":{"hp":252,"spa":252,"spd":4},"ivs":{"atk":0},"nature":"Modest","moves":[["Sludge Bomb"],["Giga Drain"],["Synthesis"],["Hidden Power Fire","Sleep Powder"]]},{"species":"Venusaur","item":"Venusaurite","ability":"Chlorophyll","evs":{"hp":252,"spd":252,"spe":4},"ivs":{"atk":0},"nature":"Calm","moves":[["Sludge Bomb"],["Leech Seed"],["Synthesis"],["Giga Drain"]]},{"species":"Venusaur","item":"Venusaurite","ability":"Chlorophyll","evs":{"hp":140,"def":4,"spa":252,"spd":4,"spe":108},"ivs":{"atk":0},"nature":"Modest","moves":[["Sludge Bomb"],["Leech Seed","Giga Drain"],["Hidden Power Fire"],["Synthesis"]]}]},"volcarona":{"flags":{},"sets":[{"species":"Volcarona","item":"Flyinium Z","ability":"Flame Body","evs":{"hp":4,"spa":252,"spe":252},"ivs":{"atk":0},"nature":"Modest","moves":[["Quiver Dance"],["Hurricane"],["Flamethrower","Fire Blast","Fiery Dance"],["Hidden Power Ground"]]},{"species":"Volcarona","item":"Buginium Z","ability":"Swarm","evs":{"hp":4,"spa":252,"spe":252},"ivs":{"atk":0},"nature":"Timid","moves":[["Quiver Dance"],["Bug Buzz"],["Substitute"],["Fiery Dance"]]},{"species":"Volcarona","item":"Focus Sash","ability":"Flame Body","evs":{"hp":4,"spa":252,"spe":252},"ivs":{"atk":0},"nature":"Modest","moves":[["Quiver Dance"],["Fiery Dance","Fire Blast"],["Giga Drain"],["Hidden Power Ice"]]},{"species":"Volcarona","item":"Focus Sash","ability":"Swarm","evs":{"hp":4,"spa":252,"spe":252},"ivs":{"atk":0},"nature":"Timid","moves":[["Quiver Dance"],["Fiery Dance","Fire Blast"],["Bug Buzz"],["Hidden Power Ice"]]},{"species":"Volcarona","item":"Grassium Z","ability":"Flame Body","evs":{"hp":4,"spa":252,"spe":252},"ivs":{"atk":0},"nature":"Modest","moves":[["Quiver Dance"],["Giga Drain","Solar Beam"],["Fiery Dance","Fire Blast"],["Hidden Power Ice"]]},{"species":"Volcarona","item":"Firium Z","ability":"Flame Body","evs":{"hp":4,"spa":252,"spe":252},"ivs":{"atk":0},"nature":"Modest","moves":[["Quiver Dance"],["Fire Blast","Overheat"],["Giga Drain","Bug Buzz"],["Hidden Power Ice"]]},{"species":"Volcarona","item":"Kee Berry","ability":"Flame Body","evs":{"hp":244,"def":148,"spe":116},"ivs":{"atk":0},"nature":"Bold","moves":[["Flamethrower","Fire Blast"],["Quiver Dance"],["Roost"],["Will-O-Wisp"]]},{"species":"Volcarona","item":"Normalium Z","ability":"Flame Body","evs":{"hp":4,"spa":252,"spe":252},"ivs":{"atk":0},"nature":"Timid","moves":[["Quiver Dance"],["Hyper Beam"],["Fiery Dance","Fire Blast"],["Giga Drain","Bug Buzz"]]}]},"weavile":{"flags":{},"sets":[{"species":"Weavile","item":"Life Orb","ability":"Pressure","evs":{"atk":252,"spd":4,"spe":252},"nature":"Jolly","moves":[["Knock Off"],["Low Kick"],["Ice Shard"],["Fake Out"]]},{"species":"Weavile","item":"Focus Sash","ability":"Pressure","evs":{"atk":252,"spd":4,"spe":252},"nature":"Jolly","moves":[["Knock Off"],["Low Kick","Icicle Crash"],["Ice Shard"],["Fake Out"]]}]},"whimsicott":{"flags":{"limEevee":1},"sets":[{"species":"Whimsicott","item":"Leftovers","ability":"Prankster","evs":{"hp":252,"def":252,"spd":4},"nature":"Bold","moves":[["Leech Seed"],["Substitute"],["Encore"],["Protect","Moonblast","Taunt"]]},{"species":"Whimsicott","item":"Rocky Helmet","ability":"Prankster","evs":{"hp":252,"def":252,"spd":4},"nature":"Bold","moves":[["Leech Seed"],["Cotton Guard"],["Encore","Substitute"],["Protect","Moonblast","Taunt"]]},{"species":"Whimsicott","item":"Focus Sash","ability":"Prankster","evs":{"def":4,"spa":252,"spe":252},"nature":"Timid","moves":[["Charm","Endeavor"],["Light Screen","Encore"],["Memento","Tailwind"],["Moonblast"]]},{"species":"Whimsicott","item":"Darkinium Z","ability":"Prankster","evs":{"hp":252,"def":252,"spd":4},"nature":"Timid","moves":[["Memento"],["Encore"],["Taunt","Moonblast"],["Leech Seed","Tailwind"]]}]},"xurkitree":{"flags":{},"sets":[{"species":"Xurkitree","item":"Choice Scarf","ability":"Beast Boost","evs":{"hp":4,"spa":252,"spe":252},"ivs":{"atk":0},"nature":"Timid","moves":[["Thunderbolt"],["Hidden Power Ice"],["Energy Ball"],["Volt Switch"]]},{"species":"Xurkitree","item":"Psychium Z","ability":"Beast Boost","evs":{"hp":4,"spa":252,"spe":252},"ivs":{"atk":0},"nature":"Timid","moves":[["Hypnosis"],["Tail Glow"],["Thunderbolt"],["Energy Ball","Hidden Power Ice"]]},{"species":"Xurkitree","item":"Waterium Z","ability":"Beast Boost","evs":{"hp":4,"spa":252,"spe":252},"ivs":{"atk":0},"nature":"Timid","moves":[["Rain Dance"],["Thunder"],["Hidden Power Water"],["Energy Ball","Dazzling Gleam"]]},{"species":"Xurkitree","item":"Electrium Z","ability":"Beast Boost","evs":{"hp":4,"spa":252,"spe":252},"ivs":{"atk":0},"nature":"Modest","moves":[["Thunderbolt","Thunder"],["Hidden Power Ice"],["Energy Ball"],["Volt Switch","Tail Glow"]]},{"species":"Xurkitree","item":"Shuca Berry","ability":"Beast Boost","evs":{"hp":4,"spa":252,"spe":252},"ivs":{"atk":0},"nature":"Modest","moves":[["Thunderbolt"],["Hidden Power Ice"],["Energy Ball"],["Volt Switch","Tail Glow"]]}]},"zapdos":{"flags":{},"sets":[{"species":"Zapdos","item":"Rocky Helmet","ability":"Static","evs":{"hp":252,"def":252,"spd":4},"nature":"Bold","moves":[["Roost"],["Discharge","Volt Switch"],["Heat Wave","Toxic"],["Hidden Power Ice"]]},{"species":"Zapdos","item":"Choice Scarf","ability":"Static","evs":{"def":4,"spa":252,"spe":252},"nature":"Timid","moves":[["Thunderbolt"],["Volt Switch"],["Heat Wave"],["Hidden Power Ice"]]},{"species":"Zapdos","item":"Leftovers","ability":"Pressure","evs":{"hp":252,"def":252,"spd":4},"nature":"Bold","moves":[["Roost"],["Discharge","Volt Switch"],["Heat Wave","Toxic"],["Hidden Power Ice"]]}]}}